-- phpMyAdmin SQL Dump
-- version 3.5.1
-- http://www.phpmyadmin.net
--
-- Хост: 127.0.0.1
-- Время создания: Дек 12 2017 г., 13:05
-- Версия сервера: 5.5.25
-- Версия PHP: 5.3.13

SET SQL_MODE="NO_AUTO_VALUE_ON_ZERO";
SET time_zone = "+00:00";


/*!40101 SET @OLD_CHARACTER_SET_CLIENT=@@CHARACTER_SET_CLIENT */;
/*!40101 SET @OLD_CHARACTER_SET_RESULTS=@@CHARACTER_SET_RESULTS */;
/*!40101 SET @OLD_COLLATION_CONNECTION=@@COLLATION_CONNECTION */;
/*!40101 SET NAMES utf8 */;

--
-- База данных: `mydi`
--

-- --------------------------------------------------------

--
-- Структура таблицы `id_nametag`
--

CREATE TABLE IF NOT EXISTS `id_nametag` (
  `idtag` int(51) NOT NULL AUTO_INCREMENT,
  `nametag` varchar(45) NOT NULL,
  `allowed` int(11) NOT NULL DEFAULT '1',
  PRIMARY KEY (`nametag`),
  KEY `index2` (`idtag`)
) ENGINE=InnoDB  DEFAULT CHARSET=cp1251 AUTO_INCREMENT=1675 ;

--
-- Дамп данных таблицы `id_nametag`
--

INSERT INTO `id_nametag` (`idtag`, `nametag`, `allowed`) VALUES
(946, '007', 1),
(932, 'Deadmau5', 1),
(1632, 'Halo', 1),
(944, 'skyfall', 1),
(1640, 'SpiderMan', 1),
(1629, 'Splinter cell', 1),
(1470, 'абрикос', 1),
(373, 'авто', 1),
(532, 'автомат', 1),
(915, 'аквариум', 1),
(625, 'акула', 1),
(285, 'аллея', 1),
(977, 'ангел', 1),
(1477, 'апельсин', 1),
(252, 'Астон мартин', 1),
(1548, 'Асука', 1),
(259, 'асфальт', 1),
(692, 'бабочка', 1),
(37, 'Бакс Банни', 1),
(1143, 'бампер', 1),
(832, 'банк', 1),
(899, 'банка', 1),
(794, 'барашек', 1),
(1520, 'Башни Петронас', 1),
(975, 'башня', 1),
(679, 'белая', 1),
(688, 'белка', 1),
(172, 'белый', 1),
(1377, 'белье', 1),
(142, 'берег', 1),
(1241, 'Биг-Бен', 1),
(563, 'биошок', 1),
(1255, 'блеск', 1),
(1194, 'блондинка', 1),
(255, 'БМВ', 1),
(666, 'бой', 1),
(722, 'большой', 1),
(94, 'бомба', 1),
(685, 'бревно', 1),
(1634, 'броня', 1),
(214, 'брусчатка', 1),
(593, 'брызги', 1),
(1218, 'брюнетка', 1),
(408, 'будущее', 1),
(1186, 'будующее', 1),
(617, 'бумага', 1),
(1493, 'бургер', 1),
(623, 'бус', 1),
(942, 'бутылка', 1),
(19, 'бык', 1),
(1555, 'вампир', 1),
(1355, 'варкрафт', 1),
(858, 'вверх', 1),
(636, 'ведмедь', 1),
(1639, 'Ведьмак', 1),
(228, 'Венеция', 1),
(855, 'весна', 1),
(1624, 'веснушки', 1),
(492, 'ветка', 1),
(635, 'взгляд', 1),
(1070, 'взрыв', 1),
(796, 'вид', 1),
(1462, 'виноргад', 1),
(630, 'вишня', 1),
(25, 'Властелин колец', 1),
(757, 'внимательность', 1),
(17, 'Во все тяжкие', 1),
(1596, 'Вов', 1),
(89, 'вода', 1),
(878, 'водопад', 1),
(9, 'воздушный шар', 1),
(960, 'воин', 1),
(1551, 'Вокалоид', 1),
(633, 'волк', 1),
(530, 'волны', 1),
(182, 'волокна', 1),
(694, 'ворон', 1),
(1612, 'вулкан', 1),
(223, 'вывеска', 1),
(500, 'выглядывает', 1),
(1673, 'вымпел', 0),
(415, 'высота', 1),
(885, 'выше неба', 1),
(995, 'газон', 1),
(256, 'гараж', 1),
(1467, 'гарбуз', 1),
(12, 'Гарри Поттер', 1),
(206, 'гены', 1),
(1253, 'геометрия', 1),
(1231, 'гибкость', 1),
(581, 'глаз', 1),
(673, 'глаза', 1),
(619, 'Гомер', 1),
(1147, 'гонки', 1),
(95, 'горит', 1),
(6, 'город', 1),
(407, 'городской пейзаж', 1),
(2, 'горы', 1),
(1324, 'готика', 1),
(1498, 'готовка', 1),
(174, 'градиент', 1),
(20, 'гранж', 1),
(268, 'графити', 1),
(780, 'греется', 1),
(113, 'гриб', 1),
(799, 'гриф', 1),
(1453, 'груша', 1),
(275, 'грязь', 1),
(695, 'гуляет', 1),
(1272, 'даль', 1),
(501, 'Дарк соулс', 1),
(558, 'Дарт Вейдер', 1),
(1117, 'Датсун', 1),
(514, 'двери', 1),
(1301, 'движение', 1),
(48, 'девушка', 1),
(654, 'дельфин', 1),
(29, 'дерево', 1),
(357, 'Деревянный дом', 1),
(1400, 'дети', 1),
(616, 'джава', 1),
(945, 'джеймс бонд', 1),
(1502, 'джем', 1),
(933, 'диджей', 1),
(1200, 'динамик', 1),
(24, 'динозавр', 1),
(897, 'дирижабль', 1),
(36, 'дисней', 1),
(543, 'дождь', 1),
(309, 'дом', 1),
(457, 'домик', 1),
(139, 'дорога', 1),
(1450, 'доспех', 1),
(1507, 'достопримичательность', 1),
(875, 'дракон', 1),
(845, 'драконы', 1),
(253, 'дрифт', 1),
(406, 'друг', 1),
(761, 'дружба', 1),
(1266, 'дуга', 1),
(61, 'дым', 1),
(721, 'дыхание', 1),
(1549, 'Евангелион', 1),
(648, 'ёжик', 1),
(420, 'ёлка', 1),
(831, 'жаба', 1),
(705, 'жало', 1),
(249, 'железная дорога', 1),
(35, 'железный человек', 1),
(1278, 'женщина', 1),
(1269, 'жидкость', 1),
(1287, 'жук', 1),
(1387, 'журавель', 1),
(348, 'забор', 1),
(1411, 'задумчивость', 1),
(691, 'заец', 1),
(38, 'закат', 1),
(26, 'замок', 1),
(1371, 'записка', 1),
(1251, 'запутано', 1),
(1375, 'заставленно', 1),
(1666, 'затмение', 1),
(454, 'затока', 1),
(44, 'звезды', 1),
(852, 'зебра', 1),
(1252, 'зеленый', 1),
(388, 'зелень', 1),
(1479, 'земляника', 1),
(856, 'зима', 1),
(711, 'злость', 1),
(1234, 'змея', 1),
(1560, 'золушка', 1),
(585, 'игра престолов', 1),
(594, 'играет', 1),
(370, 'игры', 1),
(1663, 'идет', 1),
(1135, 'индастриал', 1),
(735, 'кабан', 1),
(843, 'как приручить дракона', 1),
(634, 'камень', 1),
(194, 'камни', 1),
(229, 'канал', 1),
(900, 'канат', 1),
(1286, 'капля', 1),
(879, 'картина', 1),
(1429, 'катана', 1),
(1347, 'качеля', 1),
(741, 'кашалот', 1),
(204, 'квадрат', 1),
(1476, 'киви', 1),
(1545, 'кимоно', 1),
(822, 'кит', 1),
(860, 'клетка', 1),
(1485, 'клубника', 1),
(329, 'книга', 1),
(718, 'колибри', 1),
(154, 'колосок', 1),
(549, 'кольцо', 1),
(1019, 'кольцо планеты', 1),
(385, 'композиция', 1),
(1204, 'конфета', 1),
(1389, 'конфеты', 1),
(92, 'кораблик', 1),
(957, 'корабль', 1),
(698, 'коричневый', 1),
(1323, 'коса', 1),
(561, 'космонавт', 1),
(10, 'космос', 1),
(522, 'костюм', 1),
(319, 'кот', 1),
(323, 'котики', 1),
(362, 'котэ', 1),
(1464, 'кофе', 1),
(1466, 'кофейная гуща', 1),
(1274, 'краб', 1),
(1582, 'красиво', 1),
(382, 'красный', 1),
(1674, 'красота', 0),
(1497, 'креветки', 1),
(620, 'кресло', 1),
(1642, 'крест', 1),
(1263, 'кристал', 1),
(21, 'крокодил', 1),
(600, 'кролик', 1),
(541, 'круг', 1),
(1329, 'крыша', 1),
(1521, 'Куала-Лумпур', 1),
(146, 'кубик', 1),
(535, 'кубок', 1),
(1288, 'кувшинка', 1),
(560, 'курит', 1),
(699, 'кусает', 1),
(930, 'куст', 1),
(192, 'лавочка', 1),
(1138, 'Ламборджини', 1),
(937, 'лампочка', 1),
(645, 'лебедь', 1),
(170, 'лев', 1),
(8, 'лего', 1),
(1471, 'лед', 1),
(1235, 'лежит', 1),
(1142, 'Лексус', 1),
(680, 'леопард', 1),
(100, 'лес', 1),
(360, 'лестница', 1),
(882, 'летательный аппарат', 1),
(603, 'летит', 1),
(90, 'Лимбо', 1),
(30, 'листва', 1),
(13, 'лицо', 1),
(40, 'ловец снов', 1),
(1595, 'лого', 1),
(230, 'лодка', 1),
(1240, 'Лондон', 1),
(697, 'лошадь', 1),
(1175, 'лупатый', 1),
(112, 'луч', 1),
(683, 'львица', 1),
(531, 'м16', 1),
(1144, 'Мазда', 1),
(1149, 'Макларен', 1),
(47, 'маленький', 1),
(7, 'маска', 1),
(727, 'мать', 1),
(1637, 'Мафия', 1),
(34, 'машина', 1),
(595, 'машинка', 1),
(524, 'мебель', 1),
(244, 'мегаполис', 1),
(703, 'медуза', 1),
(123, 'мелкие', 1),
(1151, 'Мерседес', 1),
(1353, 'метро', 1),
(840, 'механизм', 1),
(50, 'меч', 1),
(1358, 'мики хатсуне', 1),
(1360, 'микрофон', 1),
(361, 'Милые', 1),
(364, 'минимализм', 1),
(28, 'миньоны', 1),
(1486, 'много', 1),
(175, 'мозаика', 1),
(1672, 'монах', 0),
(730, 'мопс', 1),
(27, 'мордор', 1),
(120, 'море', 1),
(1489, 'мороженое', 1),
(912, 'морское чудище', 1),
(237, 'мост', 1),
(1129, 'мотор', 1),
(1367, 'мотороллер', 1),
(689, 'мох', 1),
(394, 'мощный', 1),
(1277, 'мужчина', 1),
(1363, 'музыка', 1),
(592, 'музыкант', 1),
(844, 'мультфильм', 1),
(1137, 'мустанг', 1),
(1494, 'мясо', 1),
(1472, 'мята', 1),
(618, 'мятая', 1),
(392, 'набережная', 1),
(1569, 'наедине', 1),
(107, 'накачан', 1),
(1398, 'напор', 1),
(88, 'нарисованный', 1),
(1446, 'наручники', 1),
(1362, 'наушники', 1),
(111, 'небо', 1),
(211, 'небоскреб', 1),
(1344, 'неко', 1),
(1130, 'неон', 1),
(15, 'нинзя', 1),
(1163, 'Ниссан', 1),
(1457, 'нож', 1),
(528, 'ноты', 1),
(101, 'ночь', 1),
(1243, 'Нью-Йорк', 1),
(110, 'облака', 1),
(954, 'обои', 1),
(1496, 'обощи', 1),
(32, 'образ', 1),
(332, 'обьятия', 1),
(245, 'огни', 1),
(283, 'огонь', 1),
(161, 'одуванчик', 1),
(137, 'озеро', 1),
(642, 'олень', 1),
(1543, 'онлайн', 1),
(1150, 'оранжевый', 1),
(1454, 'орех', 1),
(1620, 'оружие', 1),
(644, 'осень', 1),
(121, 'осколки', 1),
(825, 'осьминог', 1),
(684, 'отдых', 1),
(241, 'отражение', 1),
(787, 'охота', 1),
(102, 'охотник', 1),
(1589, 'очки', 1),
(1636, 'Пакман', 1),
(1225, 'пальто', 1),
(1609, 'пара', 1),
(1433, 'парень', 1),
(118, 'паркет', 1),
(400, 'парусник', 1),
(574, 'пасть', 1),
(1576, 'пейзаж', 1),
(828, 'пепел', 1),
(489, 'персик', 1),
(1201, 'перчатки', 1),
(978, 'перья', 1),
(812, 'песок', 1),
(896, 'пещера', 1),
(935, 'пианино', 1),
(1126, 'пикап', 1),
(4, 'пингвин', 1),
(533, 'пистолет', 1),
(647, 'плавает', 1),
(42, 'планета', 1),
(1191, 'платье', 1),
(627, 'плывет', 1),
(23, 'плюшевый', 1),
(1100, 'поверхность', 1),
(990, 'погоня', 1),
(1469, 'подсолнух', 1),
(1279, 'пол', 1),
(768, 'поле', 1),
(734, 'полет', 1),
(1267, 'полоса', 1),
(728, 'помогает', 1),
(657, 'попугай', 1),
(143, 'порт', 1),
(1171, 'Порше', 1),
(51, 'посох', 1),
(281, 'постапокалипсис', 1),
(1437, 'постер', 1),
(381, 'посуда', 1),
(536, 'приз', 1),
(1440, 'призрак в доспехах', 1),
(1357, 'принц', 1),
(3, 'природа', 1),
(1563, 'прогулка', 1),
(503, 'проклят', 1),
(1386, 'профиль', 1),
(53, 'прыжок', 1),
(651, 'птица', 1),
(363, 'птицы', 1),
(811, 'пустыня', 1),
(326, 'пушистый', 1),
(116, 'пшеница', 1),
(1350, 'пять сантиметров в секунду', 1),
(749, 'радость', 1),
(163, 'размытость', 1),
(248, 'разноцветные', 1),
(1571, 'рассвет', 1),
(331, 'ребенок', 1),
(198, 'река', 1),
(217, 'ресторан', 1),
(1156, 'ретро', 1),
(1280, 'решетка', 1),
(1577, 'риф', 1),
(114, 'рог', 1),
(1598, 'рога', 1),
(526, 'роза', 1),
(1625, 'розовые волосы', 1),
(1452, 'розы', 1),
(1608, 'романтика', 1),
(1614, 'ромашка', 1),
(1480, 'роса', 1),
(1425, 'рубашка', 1),
(147, 'рубик', 1),
(1667, 'руки', 1),
(45, 'рыба', 1),
(494, 'рыжая', 1),
(322, 'рыжий', 1),
(502, 'рыцарь', 1),
(525, 'саксофон', 1),
(515, 'сакура', 1),
(876, 'самолет', 1),
(551, 'свет', 1),
(1210, 'свитр', 1),
(376, 'свобода', 1),
(1499, 'сендвич', 1),
(517, 'сердце', 1),
(18, 'сериал', 1),
(702, 'серпия', 1),
(5, 'серый', 1),
(330, 'сиам', 1),
(62, 'сигарета', 1),
(1320, 'сигнал', 1),
(1345, 'сидит', 1),
(1336, 'силует', 1),
(1168, 'синий', 1),
(144, 'синий фон', 1),
(1025, 'сияние', 1),
(247, 'скала', 1),
(924, 'скалы', 1),
(99, 'скамейка', 1),
(562, 'скафандр', 1),
(869, 'скейт-парк', 1),
(1118, 'скелет', 1),
(653, 'скорость', 1),
(1501, 'сладости', 1),
(185, 'след', 1),
(1290, 'сложено', 1),
(1465, 'смайлик', 1),
(104, 'снег', 1),
(498, 'собака', 1),
(41, 'сова', 1),
(1575, 'солнечно', 1),
(108, 'солнце', 1),
(145, 'спектр', 1),
(1447, 'спина', 1),
(1283, 'спираль', 1),
(715, 'спит', 1),
(1127, 'спойлер', 1),
(1122, 'спорт', 1),
(43, 'спутник', 1),
(1463, 'стакан', 1),
(820, 'станция', 1),
(829, 'статуя', 1),
(491, 'стол', 1),
(1079, 'столкновение', 1),
(1162, 'стопы', 1),
(867, 'стрекоза', 1),
(103, 'стрелы', 1),
(140, 'ступеньки', 1),
(1148, 'Субару', 1),
(304, 'сук', 1),
(390, 'сумерки', 1),
(1, 'супергерой', 1),
(16, 'супермен', 1),
(1124, 'суперЧаджер', 1),
(1455, 'сыр', 1),
(818, 'сюрреализм', 1),
(1585, 'Талион', 1),
(1408, 'танк', 1),
(490, 'тарелка', 1),
(1332, 'тату', 1),
(207, 'текст', 1),
(1519, 'Темза', 1),
(1586, 'Тени', 1),
(674, 'тигр', 1),
(1187, 'Тойота', 1),
(1249, 'Токио', 1),
(1219, 'топик', 1),
(1415, 'тотторо', 1),
(31, 'точки', 1),
(124, 'трава', 1),
(193, 'тропа', 1),
(462, 'тропинка', 1),
(1246, 'трущобы', 1),
(93, 'туман', 1),
(280, 'тюнинг', 1),
(49, 'убийца', 1),
(710, 'угроза', 1),
(439, 'уединение', 1),
(213, 'улица', 1),
(78, 'улыбается', 1),
(776, 'утка', 1),
(358, 'уют', 1),
(263, 'фары', 1),
(1542, 'фентези', 1),
(1119, 'Феррари', 1),
(947, 'фея', 1),
(122, 'фигуры', 1),
(521, 'фиолетовый', 1),
(534, 'фифа', 1),
(1399, 'флирт', 1),
(793, 'фокус', 1),
(624, 'фольксваген', 1),
(448, 'фонарь', 1),
(1123, 'форд', 1),
(724, 'фотоаппарат', 1),
(1505, 'Франция', 1),
(1468, 'фрукты', 1),
(1557, 'фэнтези', 1),
(1588, 'халф лайф', 1),
(1120, 'хамелеон', 1),
(1552, 'Хатсуне Мику', 1),
(135, 'холм', 1),
(39, 'храм', 1),
(1185, 'Хундай', 1),
(1139, 'хуракан', 1),
(519, 'цветок', 1),
(383, 'цветы', 1),
(1384, 'цепь', 1),
(789, 'церный', 1),
(664, 'цирк', 1),
(1461, 'цитрус', 1),
(921, 'часы', 1),
(1208, 'чб', 1),
(11, 'человек', 1),
(22, 'человек паук', 1),
(33, 'человечек', 1),
(393, 'череп', 1),
(986, 'черепаха', 1),
(14, 'черепашка', 1),
(1482, 'черника', 1),
(1141, 'черный', 1),
(621, 'чипсы', 1),
(148, 'шарик', 1),
(1193, 'шатенка', 1),
(992, 'шахматы', 1),
(279, 'шевроле', 1),
(119, 'шезлонг', 1),
(1383, 'шипы', 1),
(890, 'шлем', 1),
(1232, 'шпагат', 1),
(1590, 'шутер', 1),
(1317, 'щекотки', 1),
(712, 'щенок', 1),
(1506, 'Эйфелева башня', 1),
(1356, 'эльф', 1),
(1601, 'эльф крови', 1),
(1244, 'Эмпайр-стейт-билдинг', 1),
(587, 'энт', 1),
(632, 'ягода', 1),
(678, 'язык', 1),
(513, 'япония', 1),
(785, 'ястреб', 1),
(779, 'ящерица', 1);

-- --------------------------------------------------------

--
-- Структура таблицы `id_picturetag`
--

CREATE TABLE IF NOT EXISTS `id_picturetag` (
  `idtag` int(11) NOT NULL,
  `picture` int(11) NOT NULL,
  `allowed` int(11) NOT NULL DEFAULT '1',
  KEY `1` (`idtag`)
) ENGINE=InnoDB DEFAULT CHARSET=cp1251;

--
-- Дамп данных таблицы `id_picturetag`
--

INSERT INTO `id_picturetag` (`idtag`, `picture`, `allowed`) VALUES
(2, 3, 1),
(3, 3, 1),
(2, 4, 1),
(3, 4, 1),
(2, 5, 1),
(3, 5, 1),
(2, 6, 1),
(3, 6, 1),
(2, 7, 1),
(3, 7, 1),
(17, 8, 1),
(13, 8, 1),
(18, 8, 1),
(7, 9, 1),
(5, 9, 1),
(42, 17, 1),
(44, 17, 1),
(43, 17, 1),
(99, 18, 1),
(100, 18, 1),
(101, 18, 1),
(102, 19, 1),
(103, 19, 1),
(104, 19, 1),
(111, 18, 1),
(110, 18, 1),
(111, 23, 1),
(116, 23, 1),
(110, 23, 1),
(121, 26, 1),
(122, 26, 1),
(124, 27, 1),
(124, 28, 1),
(42, 28, 1),
(110, 28, 1),
(29, 29, 1),
(89, 29, 1),
(124, 29, 1),
(124, 31, 1),
(42, 31, 1),
(135, 31, 1),
(124, 32, 1),
(137, 32, 1),
(135, 32, 1),
(139, 33, 1),
(124, 33, 1),
(38, 33, 1),
(29, 33, 1),
(140, 27, 1),
(120, 34, 1),
(142, 34, 1),
(143, 34, 1),
(144, 35, 1),
(145, 35, 1),
(146, 37, 1),
(147, 37, 1),
(148, 37, 1),
(148, 38, 1),
(118, 38, 1),
(154, 41, 1),
(111, 41, 1),
(110, 41, 1),
(161, 44, 1),
(124, 44, 1),
(163, 44, 1),
(170, 45, 1),
(2, 45, 1),
(172, 45, 1),
(122, 46, 1),
(174, 46, 1),
(175, 46, 1),
(122, 48, 1),
(174, 48, 1),
(30, 49, 1),
(182, 49, 1),
(111, 50, 1),
(110, 50, 1),
(185, 50, 1),
(2, 51, 1),
(110, 51, 1),
(100, 53, 1),
(192, 53, 1),
(193, 53, 1),
(194, 54, 1),
(93, 54, 1),
(142, 54, 1),
(194, 55, 1),
(198, 55, 1),
(142, 55, 1),
(142, 56, 1),
(120, 56, 1),
(38, 56, 1),
(122, 57, 1),
(204, 57, 1),
(144, 58, 1),
(206, 58, 1),
(207, 58, 1),
(144, 59, 1),
(122, 59, 1),
(175, 59, 1),
(211, 60, 1),
(198, 60, 1),
(213, 61, 1),
(214, 61, 1),
(192, 61, 1),
(143, 62, 1),
(217, 62, 1),
(198, 62, 1),
(120, 63, 1),
(47, 63, 1),
(44, 63, 1),
(213, 64, 1),
(223, 64, 1),
(214, 64, 1),
(237, 69, 1),
(229, 69, 1),
(29, 69, 1),
(211, 71, 1),
(244, 71, 1),
(245, 71, 1),
(143, 72, 1),
(247, 72, 1),
(248, 72, 1),
(249, 73, 1),
(29, 73, 1),
(198, 73, 1),
(252, 74, 1),
(253, 74, 1),
(61, 74, 1),
(255, 75, 1),
(256, 75, 1),
(61, 75, 1),
(255, 76, 1),
(259, 76, 1),
(2, 76, 1),
(255, 77, 1),
(6, 77, 1),
(263, 77, 1),
(255, 78, 1),
(253, 78, 1),
(255, 79, 1),
(263, 79, 1),
(268, 79, 1),
(255, 80, 1),
(263, 80, 1),
(255, 81, 1),
(263, 81, 1),
(255, 83, 1),
(263, 83, 1),
(275, 83, 1),
(279, 84, 1),
(280, 84, 1),
(281, 84, 1),
(253, 85, 1),
(283, 85, 1),
(163, 85, 1),
(285, 86, 1),
(29, 86, 1),
(104, 86, 1),
(2, 87, 1),
(29, 87, 1),
(104, 87, 1),
(198, 88, 1),
(29, 88, 1),
(104, 88, 1),
(93, 89, 1),
(29, 89, 1),
(104, 89, 1),
(285, 90, 1),
(29, 90, 1),
(104, 90, 1),
(108, 91, 1),
(29, 91, 1),
(104, 91, 1),
(100, 92, 1),
(304, 92, 1),
(104, 92, 1),
(100, 93, 1),
(139, 93, 1),
(104, 93, 1),
(309, 94, 1),
(139, 94, 1),
(104, 94, 1),
(135, 95, 1),
(29, 95, 1),
(104, 95, 1),
(2, 96, 1),
(100, 96, 1),
(137, 96, 1),
(330, 102, 1),
(331, 102, 1),
(332, 102, 1),
(139, 103, 1),
(100, 103, 1),
(104, 103, 1),
(100, 104, 1),
(137, 104, 1),
(104, 104, 1),
(137, 105, 1),
(100, 105, 1),
(29, 105, 1),
(198, 106, 1),
(309, 106, 1),
(104, 106, 1),
(348, 108, 1),
(104, 108, 1),
(29, 108, 1),
(2, 109, 1),
(110, 109, 1),
(111, 109, 1),
(357, 111, 1),
(358, 111, 1),
(357, 112, 1),
(360, 112, 1),
(361, 113, 1),
(362, 113, 1),
(363, 114, 1),
(364, 114, 1),
(361, 115, 1),
(362, 115, 1),
(38, 118, 1),
(213, 118, 1),
(373, 118, 1),
(2, 119, 1),
(3, 119, 1),
(376, 119, 1),
(2, 120, 1),
(38, 120, 1),
(3, 120, 1),
(364, 121, 1),
(381, 121, 1),
(382, 121, 1),
(383, 122, 1),
(364, 122, 1),
(385, 122, 1),
(388, 124, 1),
(100, 124, 1),
(390, 124, 1),
(6, 125, 1),
(392, 125, 1),
(393, 126, 1),
(394, 126, 1),
(388, 127, 1),
(3, 127, 1),
(48, 128, 1),
(49, 128, 1),
(120, 129, 1),
(400, 129, 1),
(3, 130, 1),
(21, 130, 1),
(2, 131, 1),
(38, 131, 1),
(48, 132, 1),
(406, 132, 1),
(407, 133, 1),
(408, 133, 1),
(100, 134, 1),
(139, 134, 1),
(100, 135, 1),
(249, 135, 1),
(104, 135, 1),
(2, 136, 1),
(415, 136, 1),
(104, 136, 1),
(2, 137, 1),
(111, 137, 1),
(104, 137, 1),
(420, 138, 1),
(110, 138, 1),
(104, 138, 1),
(100, 139, 1),
(124, 139, 1),
(104, 139, 1),
(2, 140, 1),
(38, 140, 1),
(104, 140, 1),
(137, 141, 1),
(100, 141, 1),
(104, 141, 1),
(93, 142, 1),
(100, 142, 1),
(104, 142, 1),
(93, 143, 1),
(100, 143, 1),
(104, 143, 1),
(2, 144, 1),
(439, 144, 1),
(104, 144, 1),
(29, 145, 1),
(93, 145, 1),
(104, 145, 1),
(100, 146, 1),
(198, 146, 1),
(104, 146, 1),
(285, 148, 1),
(448, 148, 1),
(104, 148, 1),
(2, 149, 1),
(454, 149, 1),
(104, 149, 1),
(2, 150, 1),
(457, 150, 1),
(104, 150, 1),
(110, 151, 1),
(100, 151, 1),
(104, 151, 1),
(462, 152, 1),
(100, 152, 1),
(104, 152, 1),
(247, 153, 1),
(110, 153, 1),
(104, 153, 1),
(247, 154, 1),
(93, 154, 1),
(104, 154, 1),
(247, 155, 1),
(110, 155, 1),
(104, 155, 1),
(29, 156, 1),
(111, 156, 1),
(104, 156, 1),
(247, 157, 1),
(198, 157, 1),
(104, 157, 1),
(247, 158, 1),
(38, 158, 1),
(104, 158, 1),
(100, 159, 1),
(110, 159, 1),
(104, 159, 1),
(26, 160, 1),
(137, 160, 1),
(2, 160, 1),
(489, 161, 1),
(490, 161, 1),
(491, 161, 1),
(492, 163, 1),
(100, 163, 1),
(494, 163, 1),
(498, 164, 1),
(124, 164, 1),
(500, 164, 1),
(501, 168, 1),
(502, 168, 1),
(503, 168, 1),
(513, 169, 1),
(514, 169, 1),
(515, 169, 1),
(29, 170, 1),
(517, 170, 1),
(110, 170, 1),
(519, 171, 1),
(30, 171, 1),
(521, 171, 1),
(522, 172, 1),
(112, 172, 1),
(524, 172, 1),
(525, 173, 1),
(526, 173, 1),
(207, 173, 1),
(528, 174, 1),
(145, 174, 1),
(530, 174, 1),
(531, 175, 1),
(532, 175, 1),
(533, 175, 1),
(534, 176, 1),
(535, 176, 1),
(536, 176, 1),
(541, 179, 1),
(248, 179, 1),
(25, 182, 1),
(207, 182, 1),
(549, 182, 1),
(29, 184, 1),
(551, 184, 1),
(101, 184, 1),
(6, 185, 1),
(5, 185, 1),
(558, 186, 1),
(61, 186, 1),
(560, 186, 1),
(561, 187, 1),
(562, 187, 1),
(563, 188, 1),
(48, 188, 1),
(6, 188, 1),
(19, 190, 1),
(20, 190, 1),
(21, 191, 1),
(47, 191, 1),
(78, 191, 1),
(22, 193, 1),
(574, 193, 1),
(24, 194, 1),
(47, 194, 1),
(25, 195, 1),
(27, 195, 1),
(581, 195, 1),
(28, 196, 1),
(1, 196, 1),
(35, 196, 1),
(585, 197, 1),
(29, 197, 1),
(587, 197, 1),
(4, 198, 1),
(47, 198, 1),
(7, 199, 1),
(31, 199, 1),
(592, 200, 1),
(593, 200, 1),
(594, 200, 1),
(595, 201, 1),
(8, 201, 1),
(47, 201, 1),
(37, 202, 1),
(36, 202, 1),
(600, 202, 1),
(35, 203, 1),
(1, 203, 1),
(603, 203, 1),
(9, 204, 1),
(39, 204, 1),
(603, 204, 1),
(40, 205, 1),
(41, 205, 1),
(41, 206, 1),
(47, 206, 1),
(41, 207, 1),
(47, 207, 1),
(34, 208, 1),
(47, 208, 1),
(104, 208, 1),
(616, 209, 1),
(617, 209, 1),
(618, 209, 1),
(619, 210, 1),
(620, 210, 1),
(621, 210, 1),
(34, 211, 1),
(623, 211, 1),
(624, 211, 1),
(625, 212, 1),
(47, 212, 1),
(627, 212, 1),
(498, 213, 1),
(494, 213, 1),
(630, 214, 1),
(492, 214, 1),
(632, 214, 1),
(633, 215, 1),
(634, 215, 1),
(635, 215, 1),
(636, 216, 1),
(29, 216, 1),
(100, 216, 1),
(498, 217, 1),
(494, 217, 1),
(635, 217, 1),
(642, 218, 1),
(100, 218, 1),
(644, 218, 1),
(645, 219, 1),
(89, 219, 1),
(647, 219, 1),
(648, 220, 1),
(30, 220, 1),
(644, 220, 1),
(651, 221, 1),
(603, 221, 1),
(653, 221, 1),
(654, 222, 1),
(647, 222, 1),
(89, 222, 1),
(657, 223, 1),
(363, 223, 1),
(492, 223, 1),
(170, 224, 1),
(635, 224, 1),
(170, 225, 1),
(635, 225, 1),
(664, 225, 1),
(642, 226, 1),
(666, 226, 1),
(101, 226, 1),
(642, 227, 1),
(644, 227, 1),
(30, 227, 1),
(41, 228, 1),
(635, 228, 1),
(673, 228, 1),
(674, 229, 1),
(635, 229, 1),
(673, 229, 1),
(498, 230, 1),
(678, 230, 1),
(679, 230, 1),
(680, 231, 1),
(635, 231, 1),
(673, 231, 1),
(683, 232, 1),
(684, 232, 1),
(685, 232, 1),
(498, 233, 1),
(679, 233, 1),
(688, 234, 1),
(689, 234, 1),
(29, 234, 1),
(691, 235, 1),
(692, 235, 1),
(124, 235, 1),
(694, 236, 1),
(695, 236, 1),
(104, 236, 1),
(697, 237, 1),
(698, 237, 1),
(699, 237, 1),
(697, 238, 1),
(698, 238, 1),
(702, 238, 1),
(703, 239, 1),
(647, 239, 1),
(705, 239, 1),
(680, 240, 1),
(47, 240, 1),
(634, 240, 1),
(683, 241, 1),
(710, 241, 1),
(711, 241, 1),
(712, 242, 1),
(47, 242, 1),
(680, 243, 1),
(715, 243, 1),
(684, 243, 1),
(651, 244, 1),
(718, 244, 1),
(383, 244, 1),
(636, 245, 1),
(721, 245, 1),
(722, 245, 1),
(688, 246, 1),
(724, 246, 1),
(715, 246, 1),
(683, 247, 1),
(727, 247, 1),
(728, 247, 1),
(498, 248, 1),
(730, 248, 1),
(124, 248, 1),
(651, 249, 1),
(666, 249, 1),
(734, 249, 1),
(735, 250, 1),
(684, 250, 1),
(685, 250, 1),
(712, 251, 1),
(322, 251, 1),
(685, 251, 1),
(741, 252, 1),
(647, 252, 1),
(89, 252, 1),
(170, 253, 1),
(711, 253, 1),
(635, 253, 1),
(498, 254, 1),
(678, 254, 1),
(749, 254, 1),
(498, 255, 1),
(678, 255, 1),
(749, 255, 1),
(498, 256, 1),
(678, 256, 1),
(749, 256, 1),
(680, 257, 1),
(757, 257, 1),
(47, 257, 1),
(498, 258, 1),
(319, 258, 1),
(761, 258, 1),
(102, 259, 1),
(124, 259, 1),
(648, 260, 1),
(30, 260, 1),
(500, 260, 1),
(697, 261, 1),
(768, 261, 1),
(124, 261, 1),
(498, 262, 1),
(326, 262, 1),
(678, 262, 1),
(642, 263, 1),
(38, 263, 1),
(100, 263, 1),
(776, 264, 1),
(647, 264, 1),
(727, 264, 1),
(779, 265, 1),
(780, 265, 1),
(634, 265, 1),
(636, 266, 1),
(172, 266, 1),
(715, 266, 1),
(785, 267, 1),
(102, 267, 1),
(787, 267, 1),
(651, 268, 1),
(789, 268, 1),
(124, 268, 1),
(651, 269, 1),
(492, 269, 1),
(793, 269, 1),
(794, 270, 1),
(727, 270, 1),
(796, 270, 1),
(651, 271, 1),
(603, 271, 1),
(799, 271, 1),
(42, 272, 1),
(44, 272, 1),
(651, 273, 1),
(657, 273, 1),
(120, 274, 1),
(247, 274, 1),
(100, 275, 1),
(29, 275, 1),
(2, 276, 1),
(89, 276, 1),
(137, 276, 1),
(811, 277, 1),
(812, 277, 1),
(407, 278, 1),
(6, 278, 1),
(211, 278, 1),
(61, 279, 1),
(309, 279, 1),
(818, 279, 1),
(34, 280, 1),
(820, 280, 1),
(818, 280, 1),
(822, 281, 1),
(6, 281, 1),
(818, 281, 1),
(825, 282, 1),
(6, 282, 1),
(818, 282, 1),
(828, 283, 1),
(829, 283, 1),
(818, 283, 1),
(831, 284, 1),
(832, 284, 1),
(818, 284, 1),
(448, 285, 1),
(145, 285, 1),
(818, 285, 1),
(825, 286, 1),
(6, 286, 1),
(818, 286, 1),
(840, 287, 1),
(6, 287, 1),
(818, 287, 1),
(843, 288, 1),
(844, 288, 1),
(845, 288, 1),
(89, 289, 1),
(11, 289, 1),
(818, 289, 1),
(309, 290, 1),
(89, 290, 1),
(818, 290, 1),
(852, 291, 1),
(666, 291, 1),
(818, 291, 1),
(855, 292, 1),
(856, 292, 1),
(818, 292, 1),
(858, 293, 1),
(844, 293, 1),
(860, 294, 1),
(100, 294, 1),
(818, 294, 1),
(6, 295, 1),
(61, 295, 1),
(818, 295, 1),
(768, 296, 1),
(867, 296, 1),
(818, 296, 1),
(869, 297, 1),
(6, 297, 1),
(818, 297, 1),
(45, 298, 1),
(6, 298, 1),
(818, 298, 1),
(875, 299, 1),
(876, 299, 1),
(818, 299, 1),
(878, 300, 1),
(879, 300, 1),
(818, 300, 1),
(6, 301, 1),
(882, 301, 1),
(818, 301, 1),
(6, 302, 1),
(885, 302, 1),
(818, 302, 1),
(6, 303, 1),
(247, 303, 1),
(818, 303, 1),
(890, 304, 1),
(562, 304, 1),
(818, 304, 1),
(11, 305, 1),
(329, 305, 1),
(818, 305, 1),
(896, 306, 1),
(897, 306, 1),
(818, 306, 1),
(899, 307, 1),
(900, 307, 1),
(818, 307, 1),
(309, 308, 1),
(897, 308, 1),
(818, 308, 1),
(878, 309, 1),
(6, 309, 1),
(818, 309, 1),
(6, 310, 1),
(878, 310, 1),
(818, 310, 1),
(230, 311, 1),
(912, 311, 1),
(818, 311, 1),
(6, 312, 1),
(915, 312, 1),
(818, 312, 1),
(897, 313, 1),
(603, 313, 1),
(818, 313, 1),
(34, 314, 1),
(921, 314, 1),
(818, 314, 1),
(6, 315, 1),
(924, 315, 1),
(818, 315, 1),
(741, 316, 1),
(110, 316, 1),
(818, 316, 1),
(309, 317, 1),
(930, 317, 1),
(818, 317, 1),
(932, 318, 1),
(933, 318, 1),
(528, 319, 1),
(935, 319, 1),
(11, 320, 1),
(937, 320, 1),
(818, 320, 1),
(856, 321, 1),
(104, 321, 1),
(120, 322, 1),
(942, 322, 1),
(818, 322, 1),
(249, 321, 1),
(944, 323, 1),
(945, 323, 1),
(946, 323, 1),
(947, 324, 1),
(768, 324, 1),
(818, 324, 1),
(112, 325, 1),
(29, 325, 1),
(818, 325, 1),
(11, 326, 1),
(954, 326, 1),
(818, 326, 1),
(822, 327, 1),
(957, 327, 1),
(818, 327, 1),
(281, 328, 1),
(960, 328, 1),
(818, 328, 1),
(139, 329, 1),
(6, 329, 1),
(818, 329, 1),
(9, 330, 1),
(768, 330, 1),
(818, 330, 1),
(879, 331, 1),
(957, 331, 1),
(818, 331, 1),
(112, 332, 1),
(924, 332, 1),
(818, 332, 1),
(897, 333, 1),
(975, 333, 1),
(818, 333, 1),
(977, 334, 1),
(978, 334, 1),
(818, 334, 1),
(309, 335, 1),
(840, 335, 1),
(818, 335, 1),
(975, 336, 1),
(960, 336, 1),
(818, 336, 1),
(986, 337, 1),
(309, 337, 1),
(818, 337, 1),
(34, 338, 1),
(990, 338, 1),
(818, 338, 1),
(992, 339, 1),
(112, 339, 1),
(818, 339, 1),
(995, 340, 1),
(309, 340, 1),
(818, 340, 1),
(388, 341, 1),
(885, 341, 1),
(818, 341, 1),
(11, 342, 1),
(283, 342, 1),
(818, 342, 1),
(11, 343, 1),
(7, 343, 1),
(818, 343, 1),
(840, 344, 1),
(6, 344, 1),
(818, 344, 1),
(29, 345, 1),
(44, 345, 1),
(42, 345, 1),
(6, 346, 1),
(44, 346, 1),
(42, 346, 1),
(561, 347, 1),
(44, 347, 1),
(42, 347, 1),
(1019, 348, 1),
(44, 348, 1),
(42, 348, 1),
(29, 349, 1),
(44, 349, 1),
(42, 349, 1),
(1025, 350, 1),
(44, 350, 1),
(42, 350, 1),
(1025, 351, 1),
(44, 351, 1),
(42, 351, 1),
(6, 352, 1),
(44, 352, 1),
(42, 352, 1),
(820, 353, 1),
(44, 353, 1),
(42, 353, 1),
(1025, 354, 1),
(44, 354, 1),
(42, 354, 1),
(820, 355, 1),
(44, 355, 1),
(42, 355, 1),
(1025, 356, 1),
(44, 356, 1),
(42, 356, 1),
(1025, 357, 1),
(44, 357, 1),
(42, 357, 1),
(1025, 358, 1),
(44, 358, 1),
(42, 358, 1),
(1025, 359, 1),
(44, 359, 1),
(42, 359, 1),
(1019, 360, 1),
(44, 360, 1),
(42, 360, 1),
(29, 361, 1),
(44, 361, 1),
(42, 361, 1),
(1025, 362, 1),
(44, 362, 1),
(42, 362, 1),
(1025, 363, 1),
(44, 363, 1),
(42, 363, 1),
(1025, 364, 1),
(44, 364, 1),
(42, 364, 1),
(1070, 365, 1),
(44, 365, 1),
(42, 365, 1),
(1025, 366, 1),
(44, 366, 1),
(42, 366, 1),
(1025, 367, 1),
(44, 367, 1),
(42, 367, 1),
(1079, 368, 1),
(44, 368, 1),
(42, 368, 1),
(1025, 369, 1),
(44, 369, 1),
(42, 369, 1),
(108, 370, 1),
(44, 370, 1),
(42, 370, 1),
(820, 372, 1),
(44, 372, 1),
(42, 372, 1),
(820, 373, 1),
(44, 373, 1),
(42, 373, 1),
(840, 374, 1),
(108, 374, 1),
(42, 374, 1),
(1100, 375, 1),
(44, 375, 1),
(42, 375, 1),
(1100, 376, 1),
(44, 376, 1),
(42, 376, 1),
(1025, 377, 1),
(44, 377, 1),
(957, 378, 1),
(44, 378, 1),
(108, 378, 1),
(42, 379, 1),
(44, 379, 1),
(108, 379, 1),
(1025, 380, 1),
(44, 380, 1),
(108, 380, 1),
(1117, 381, 1),
(1118, 381, 1),
(1119, 382, 1),
(1120, 382, 1),
(1119, 383, 1),
(1122, 383, 1),
(1123, 384, 1),
(1124, 384, 1),
(1123, 385, 1),
(1126, 385, 1),
(1127, 385, 1),
(1123, 386, 1),
(1129, 386, 1),
(1130, 386, 1),
(1123, 387, 1),
(1122, 387, 1),
(1123, 388, 1),
(1122, 388, 1),
(1135, 388, 1),
(1123, 389, 1),
(1137, 389, 1),
(1138, 390, 1),
(1139, 390, 1),
(1138, 391, 1),
(1141, 391, 1),
(1142, 392, 1),
(1143, 392, 1),
(1144, 393, 1),
(268, 393, 1),
(1144, 394, 1),
(1147, 394, 1),
(1148, 394, 1),
(1149, 395, 1),
(1150, 395, 1),
(1151, 396, 1),
(268, 396, 1),
(1151, 398, 1),
(1156, 398, 1),
(1151, 399, 1),
(253, 399, 1),
(283, 399, 1),
(1151, 400, 1),
(1127, 400, 1),
(1162, 400, 1),
(1163, 401, 1),
(513, 401, 1),
(1163, 402, 1),
(382, 402, 1),
(1163, 403, 1),
(1168, 403, 1),
(1163, 404, 1),
(1162, 404, 1),
(1171, 405, 1),
(1162, 405, 1),
(1127, 405, 1),
(1171, 406, 1),
(1175, 406, 1),
(1171, 407, 1),
(1122, 407, 1),
(1171, 408, 1),
(1127, 408, 1),
(1171, 409, 1),
(1127, 409, 1),
(1148, 410, 1),
(1127, 410, 1),
(1162, 410, 1),
(1185, 411, 1),
(1186, 411, 1),
(1187, 412, 1),
(1162, 412, 1),
(1187, 413, 1),
(172, 413, 1),
(1191, 414, 1),
(100, 414, 1),
(1193, 414, 1),
(1194, 415, 1),
(100, 415, 1),
(1191, 415, 1),
(1193, 416, 1),
(768, 416, 1),
(635, 416, 1),
(1200, 417, 1),
(1201, 417, 1),
(635, 417, 1),
(1193, 418, 1),
(1204, 418, 1),
(673, 418, 1),
(1191, 419, 1),
(457, 419, 1),
(1208, 419, 1),
(1193, 420, 1),
(1210, 420, 1),
(673, 420, 1),
(1193, 421, 1),
(1191, 421, 1),
(383, 421, 1),
(1193, 422, 1),
(1191, 422, 1),
(768, 422, 1),
(1218, 423, 1),
(1219, 423, 1),
(551, 423, 1),
(1194, 424, 1),
(768, 424, 1),
(112, 424, 1),
(1193, 425, 1),
(1225, 425, 1),
(30, 425, 1),
(1218, 426, 1),
(1191, 426, 1),
(89, 426, 1),
(1194, 427, 1),
(1231, 427, 1),
(1232, 427, 1),
(1218, 428, 1),
(1234, 428, 1),
(1235, 428, 1),
(1193, 429, 1),
(383, 429, 1),
(1191, 429, 1),
(237, 430, 1),
(1240, 430, 1),
(1241, 430, 1),
(415, 431, 1),
(1243, 431, 1),
(1244, 431, 1),
(108, 432, 1),
(1246, 432, 1),
(110, 432, 1),
(244, 433, 1),
(1249, 433, 1),
(211, 433, 1),
(1251, 434, 1),
(1252, 434, 1),
(1253, 434, 1),
(360, 435, 1),
(1255, 435, 1),
(1253, 435, 1),
(20, 436, 1),
(1255, 436, 1),
(1253, 436, 1),
(933, 437, 1),
(1255, 437, 1),
(1253, 437, 1),
(1263, 438, 1),
(61, 438, 1),
(1253, 438, 1),
(1266, 439, 1),
(1267, 439, 1),
(1253, 439, 1),
(1269, 440, 1),
(1253, 440, 1),
(11, 441, 1),
(1272, 441, 1),
(110, 441, 1),
(1274, 442, 1),
(519, 442, 1),
(89, 442, 1),
(1277, 443, 1),
(1278, 443, 1),
(1279, 443, 1),
(1280, 444, 1),
(174, 444, 1),
(1253, 444, 1),
(1283, 445, 1),
(174, 445, 1),
(1253, 445, 1),
(1286, 446, 1),
(1287, 446, 1),
(1288, 446, 1),
(248, 447, 1),
(1290, 447, 1),
(1253, 447, 1),
(146, 448, 1),
(551, 448, 1),
(1253, 448, 1),
(549, 449, 1),
(551, 449, 1),
(1253, 449, 1),
(30, 450, 1),
(248, 450, 1),
(1253, 450, 1),
(1301, 451, 1),
(1168, 451, 1),
(1253, 451, 1),
(549, 452, 1),
(172, 452, 1),
(1253, 452, 1),
(691, 453, 1),
(383, 453, 1),
(124, 453, 1),
(213, 454, 1),
(515, 454, 1),
(249, 454, 1),
(48, 455, 1),
(120, 455, 1),
(110, 455, 1),
(933, 456, 1),
(1317, 456, 1),
(48, 456, 1),
(110, 457, 1),
(1320, 457, 1),
(137, 457, 1),
(960, 458, 1),
(1323, 458, 1),
(1324, 458, 1),
(110, 459, 1),
(124, 459, 1),
(111, 459, 1),
(319, 460, 1),
(1329, 460, 1),
(309, 460, 1),
(48, 461, 1),
(1332, 461, 1),
(715, 461, 1),
(48, 463, 1),
(1141, 463, 1),
(1336, 463, 1),
(42, 464, 1),
(101, 464, 1),
(1336, 464, 1),
(48, 465, 1),
(1344, 465, 1),
(1345, 465, 1),
(29, 466, 1),
(1347, 466, 1),
(654, 466, 1),
(820, 467, 1),
(1350, 467, 1),
(104, 467, 1),
(48, 468, 1),
(1353, 468, 1),
(248, 468, 1),
(1355, 469, 1),
(1356, 469, 1),
(1357, 469, 1),
(1358, 470, 1),
(935, 470, 1),
(1360, 470, 1),
(48, 471, 1),
(1362, 471, 1),
(1363, 471, 1),
(48, 472, 1),
(749, 472, 1),
(1191, 472, 1),
(1367, 473, 1),
(515, 473, 1),
(1350, 473, 1),
(48, 474, 1),
(1371, 474, 1),
(513, 474, 1),
(48, 475, 1),
(248, 475, 1),
(1375, 475, 1),
(48, 476, 1),
(1377, 476, 1),
(551, 476, 1),
(111, 477, 1),
(845, 477, 1),
(110, 477, 1),
(48, 478, 1),
(1383, 478, 1),
(1384, 478, 1),
(48, 479, 1),
(1386, 479, 1),
(1387, 479, 1),
(48, 480, 1),
(1389, 480, 1),
(104, 480, 1),
(48, 481, 1),
(1377, 481, 1),
(1362, 481, 1),
(48, 482, 1),
(692, 482, 1),
(1324, 482, 1),
(48, 483, 1),
(1398, 483, 1),
(1399, 483, 1),
(1400, 484, 1),
(104, 484, 1),
(139, 484, 1),
(48, 485, 1),
(1191, 485, 1),
(172, 485, 1),
(48, 486, 1),
(666, 486, 1),
(1408, 486, 1),
(48, 487, 1),
(13, 487, 1),
(1411, 487, 1),
(48, 488, 1),
(1377, 488, 1),
(1235, 488, 1),
(1415, 489, 1),
(29, 489, 1),
(1345, 489, 1),
(48, 490, 1),
(1332, 490, 1),
(875, 490, 1),
(48, 491, 1),
(1191, 491, 1),
(1377, 491, 1),
(48, 492, 1),
(1425, 492, 1),
(1377, 492, 1),
(48, 493, 1),
(1336, 493, 1),
(1429, 493, 1),
(48, 494, 1),
(519, 494, 1),
(448, 494, 1),
(1433, 495, 1),
(1429, 495, 1),
(30, 495, 1),
(48, 496, 1),
(1437, 496, 1),
(383, 496, 1),
(48, 497, 1),
(1440, 497, 1),
(6, 497, 1),
(48, 498, 1),
(1429, 498, 1),
(1235, 498, 1),
(48, 499, 1),
(1446, 499, 1),
(1447, 499, 1),
(48, 500, 1),
(960, 500, 1),
(1450, 500, 1),
(48, 501, 1),
(1452, 501, 1),
(1453, 502, 1),
(1454, 502, 1),
(1455, 502, 1),
(1453, 503, 1),
(1457, 503, 1),
(30, 503, 1),
(113, 504, 1),
(124, 504, 1),
(1461, 505, 1),
(1462, 505, 1),
(1463, 505, 1),
(1464, 506, 1),
(1465, 506, 1),
(1466, 506, 1),
(1467, 507, 1),
(1468, 507, 1),
(1469, 507, 1),
(1470, 508, 1),
(1471, 508, 1),
(1472, 508, 1),
(489, 509, 1),
(490, 509, 1),
(1461, 510, 1),
(1476, 510, 1),
(1477, 510, 1),
(632, 511, 1),
(1479, 511, 1),
(1480, 511, 1),
(632, 512, 1),
(1482, 512, 1),
(1480, 512, 1),
(632, 513, 1),
(1485, 513, 1),
(1486, 513, 1),
(632, 515, 1),
(1482, 515, 1),
(1489, 515, 1),
(1493, 516, 1),
(1494, 516, 1),
(1455, 516, 1),
(1496, 517, 1),
(1497, 517, 1),
(1498, 517, 1),
(1499, 518, 1),
(1468, 518, 1),
(1501, 518, 1),
(1502, 519, 1),
(1389, 519, 1),
(1501, 519, 1),
(1505, 520, 1),
(1506, 520, 1),
(1507, 520, 1),
(1243, 522, 1),
(244, 522, 1),
(211, 522, 1),
(237, 523, 1),
(249, 523, 1),
(100, 523, 1),
(1240, 524, 1),
(1241, 524, 1),
(1519, 524, 1),
(1520, 525, 1),
(1521, 525, 1),
(211, 525, 1),
(211, 526, 1),
(139, 526, 1),
(245, 526, 1),
(237, 527, 1),
(198, 527, 1),
(245, 527, 1),
(237, 528, 1),
(198, 528, 1),
(245, 528, 1),
(211, 529, 1),
(198, 529, 1),
(245, 529, 1),
(1506, 531, 1),
(1505, 531, 1),
(793, 531, 1),
(48, 532, 1),
(1542, 532, 1),
(1543, 532, 1),
(48, 533, 1),
(1545, 533, 1),
(513, 533, 1),
(48, 534, 1),
(1548, 534, 1),
(1549, 534, 1),
(48, 535, 1),
(1551, 535, 1),
(1552, 535, 1),
(48, 536, 1),
(101, 536, 1),
(1555, 536, 1),
(48, 537, 1),
(1557, 537, 1),
(1025, 537, 1),
(48, 538, 1),
(1560, 538, 1),
(48, 539, 1),
(108, 539, 1),
(1563, 539, 1),
(48, 540, 1),
(101, 540, 1),
(1555, 540, 1),
(48, 541, 1),
(111, 541, 1),
(1569, 541, 1),
(48, 542, 1),
(1571, 542, 1),
(1353, 542, 1),
(104, 543, 1),
(2, 543, 1),
(1575, 544, 1),
(1576, 544, 1),
(1577, 545, 1),
(142, 545, 1),
(120, 545, 1),
(108, 546, 1),
(2, 546, 1),
(1582, 546, 1),
(100, 547, 1),
(2, 547, 1),
(1588, 551, 1),
(1595, 551, 1),
(1608, 556, 1),
(1609, 556, 1),
(408, 557, 1),
(120, 557, 1),
(1612, 557, 1),
(768, 544, 1),
(48, 559, 1),
(1122, 559, 1),
(111, 559, 1),
(48, 560, 1),
(1429, 560, 1),
(1620, 560, 1),
(48, 561, 1),
(100, 561, 1),
(48, 562, 1),
(1624, 562, 1),
(1625, 562, 1),
(48, 563, 1),
(1620, 563, 1),
(108, 563, 1),
(1629, 564, 1),
(1598, 564, 1),
(858, 564, 1),
(1632, 565, 1),
(95, 565, 1),
(1634, 565, 1),
(1636, 567, 1),
(1637, 568, 1),
(560, 568, 1),
(1639, 569, 1),
(50, 569, 1),
(960, 569, 1),
(1640, 570, 1),
(11, 576, 1),
(1642, 576, 1),
(247, 576, 1),
(1642, 577, 1),
(11, 577, 1),
(247, 577, 1),
(1663, 577, 1),
(1635, 0, 1),
(61, 0, 1),
(1635, 0, 1),
(61, 0, 1),
(1635, 0, 1),
(61, 0, 1),
(1635, 0, 1),
(1635, 0, 1),
(61, 0, 1),
(1635, 0, 1),
(1635, 0, 1),
(1635, 0, 1),
(1672, 577, 1),
(10, 578, 1),
(1673, 578, 1),
(1674, 578, 1),
(960, 565, 0);

-- --------------------------------------------------------

--
-- Структура таблицы `messages`
--

CREATE TABLE IF NOT EXISTS `messages` (
  `id` int(11) NOT NULL AUTO_INCREMENT,
  `author` varchar(45) NOT NULL,
  `receiver` varchar(45) NOT NULL,
  `theme` varchar(45) NOT NULL DEFAULT 'Тема',
  `message` mediumtext NOT NULL,
  `date` datetime DEFAULT NULL,
  `new` int(11) NOT NULL DEFAULT '1',
  PRIMARY KEY (`id`)
) ENGINE=InnoDB  DEFAULT CHARSET=cp1251 AUTO_INCREMENT=22 ;

--
-- Дамп данных таблицы `messages`
--

INSERT INTO `messages` (`id`, `author`, `receiver`, `theme`, `message`, `date`, `new`) VALUES
(1, 'Alex', 'Jued', '1', 'test', '2016-08-17 11:36:00', 0),
(2, 'Alex', 'Jued', '2', 'test', '2016-08-17 11:54:59', 0),
(3, 'Alex', 'Jued', '3', 'test3', '2016-08-17 11:55:11', 1),
(4, 'Alex', 'Jued', '4', 'test4', '2016-08-17 11:55:25', 0),
(5, 'Alex', 'Jued', '6', 'test6', '2016-08-17 11:55:51', 0),
(6, 'Jued', '', '', 'test', '2016-08-17 12:45:28', 0),
(7, 'Jued', 'Alex', 'Ку', 'Ку-ку >_>', '2016-08-17 13:34:50', 0),
(8, 'Jued', 'Jued', 'Repeat', 'First: 123456    Second: ', '2016-08-18 22:51:05', 0),
(9, 'Jued', 'Jued', 'Repeat', 'First:     Second: ', '2016-08-18 22:52:06', 0),
(10, 'Jued', 'Jued', 'Repeat', 'First: 123456    Second: ', '2016-08-18 22:53:51', 0),
(11, 'Jued', 'Jued', 'Repeat', 'First: 123121212    Second: img/minimalism/бомба_горит_фитиль_минимализм.jpg', '2016-08-18 23:01:43', 0),
(12, '', 'Jued', 'Repeat', 'First: 1234644654    Second: img/minimalism/desktopwallpapers.org.ua-7065.jpg', '2016-08-19 13:01:46', 0),
(13, 'Jued', 'S5SHAYA', 'Спасибо!', 'Большое спасибо за помощь ^_^', '2016-08-31 18:16:47', 1),
(14, '', 'Jued', 'Repeat', 'First: ывапрол    Second: img/city/9KKzKzY879.jpg', '2016-09-13 16:28:46', 0),
(15, '', 'Jued', 'Repeat', 'First: 458495615    Second: img/city/9KKzKzY879.jpg', '2016-09-13 16:29:51', 0),
(16, '', 'Jued', 'Repeat', 'First:     Second: img/city/9KKzKzY879.jpg', '2016-09-13 16:31:16', 0),
(17, '', 'Jued', 'Repeat', 'First: п    Second: img/city/9KKzKzY879.jpg', '2016-09-13 16:33:13', 0),
(18, '', 'Jued', 'Repeat', 'First: вфы    Second: img/city/9KKzKzY879.jpg', '2016-09-13 16:33:39', 0),
(19, '', 'Jued', 'Repeat', 'First: п    Second: img/city/9KKzKzY879.jpg', '2016-09-13 16:34:25', 0),
(20, '', 'Jued', 'Repeat', 'First: аа    Second: img/city/9KKzKzY879.jpg', '2016-09-13 16:34:48', 0),
(21, '', 'Jued', 'Repeat', 'First:     Second: img/city/z67Ed3DQZY.jpg', '2016-09-13 16:36:42', 0);

-- --------------------------------------------------------

--
-- Структура таблицы `picture`
--

CREATE TABLE IF NOT EXISTS `picture` (
  `idpicture` int(11) NOT NULL AUTO_INCREMENT,
  `category` varchar(45) CHARACTER SET utf8 NOT NULL,
  `autor` varchar(45) CHARACTER SET utf8 NOT NULL,
  `data` date NOT NULL,
  `looked` int(11) NOT NULL DEFAULT '0',
  `download` int(11) NOT NULL DEFAULT '0',
  `score` int(11) NOT NULL DEFAULT '0',
  `src` varchar(200) CHARACTER SET utf8 NOT NULL,
  `bookmarks` int(50) NOT NULL,
  `allowed` int(11) NOT NULL DEFAULT '0',
  `width` int(11) NOT NULL,
  `height` int(11) NOT NULL,
  PRIMARY KEY (`idpicture`)
) ENGINE=InnoDB  DEFAULT CHARSET=cp1251 AUTO_INCREMENT=579 ;

--
-- Дамп данных таблицы `picture`
--

INSERT INTO `picture` (`idpicture`, `category`, `autor`, `data`, `looked`, `download`, `score`, `src`, `bookmarks`, `allowed`, `width`, `height`) VALUES
(3, 'nature', 'Jued', '2016-08-17', 68, 2, 1, 'Mountains66_XX312P.jpg', 0, 1, 1920, 1080),
(4, 'nature', 'Jued', '2016-08-17', 52, 1, 0, 'Mountains68_5D63HB.jpg', 0, 1, 1920, 1080),
(5, 'nature', 'Jued', '2016-08-17', 37, 10, 0, 'Mountains69_AD6UD7.jpg', 0, 1, 1920, 1080),
(6, 'nature', 'Jued', '2016-08-17', 4, 1, 0, 'Mountains70_YB18VL.jpg', 0, 1, 1920, 1080),
(7, 'nature', 'Jued', '2016-08-17', 123, 7, 2, 'Mountains71_PHDLYR.jpg', 0, 1, 1920, 1080),
(8, 'minimalism', 'Jued', '2016-08-17', 156, 1, 0, 'Breaking_Bad_Heisenberg.jpg', 1, 1, 1366, 768),
(9, 'minimalism', 'Jued', '2016-08-18', 41, 11, 2, '15907.jpg', 0, 1, 1366, 768),
(17, 'minimalism', 'Jued', '2016-08-19', 2, 1, 0, 'art_kosmos_planety_zvezdy_energiya_abstrakciya_1920x1080.jpg', 0, 1, 1920, 1080),
(18, 'city', 'Jued', '2016-08-19', 20, 1, 1, 'art-monorisu-noch-skameyka.jpg', 0, 1, 1600, 900),
(19, 'anime', 'Jued', '2016-08-19', 9, 1, 0, 'ImgDa.jpg', 0, 1, 1600, 900),
(23, 'nature', 'Jued', '2016-08-19', 6, 1, 0, 'WaLLMiX2.jpg', 0, 1, 1920, 1200),
(26, 'creative', 'Jued', '2016-08-20', 4, 1, 0, 'hANhrykKDB.jpg', 1, 1, 1920, 1200),
(27, 'nature', 'Jued', '2016-08-21', 5, 1, 0, 'ReAGkQ5FyG.jpg', 0, 1, 2133, 1200),
(28, 'nature', 'Jued', '2016-08-21', 2, 1, 0, 'i4GE8Hf4iZ.jpg', 0, 1, 1920, 1080),
(29, 'nature', 'Jued', '2016-08-21', 4, 2, 0, 'y9i9K9tY88.jpg', 0, 1, 1920, 1080),
(31, 'nature', 'Jued', '2016-08-21', 3, 1, 0, 'SkynK7HhRd.jpg', 0, 1, 1920, 1200),
(32, 'nature', 'Jued', '2016-08-21', 4, 1, 0, 'SRYnkr9n37.jpg', 0, 1, 1920, 1080),
(33, 'nature', 'Jued', '2016-08-21', 9, 1, 0, '2ytfQQ4KFT.jpg', 0, 1, 1920, 1080),
(34, 'city', 'Jued', '2016-08-22', 13, 7, 0, 'ftZSFRkTGR.jpg', 0, 1, 1920, 1080),
(35, 'texture', 'Jued', '2016-08-25', 3, 1, 0, 'BrQz38tsTs.jpg', 1, 1, 2560, 1600),
(37, '3d', 'Jued', '2016-08-26', 5, 2, 0, 'YYYDFr4Z8H.jpg', 0, 1, 2500, 1406),
(38, '3d', 'Jued', '2016-08-26', 2, 0, 0, '6skfBy5T7K.jpg', 0, 1, 2560, 1600),
(41, 'other', 'Jued', '2016-08-26', 1, 0, 0, '86Fkrkn8YS.jpg', 0, 1, 1920, 1080),
(44, 'nature', 'Jued', '2016-08-26', 11, 1, 0, '5Q9z5ST8kN.jpg', 0, 1, 1920, 1200),
(45, 'animals', 'Jued', '2016-08-26', 9, 2, 1, 'R3HAtETQ94.jpg', 1, 1, 1920, 1200),
(46, 'texture', 'Jued', '2016-08-26', 9, 1, 0, 'BBfEY7Dry8.jpg', 0, 1, 1920, 1200),
(48, 'texture', 'Jued', '2016-08-26', 8, 2, 0, 'ZQKhiZs5rF.jpg', 0, 1, 2560, 1600),
(49, 'other', 'Jued', '2016-08-26', 7, 1, 0, 'KzyidFnEzs.jpg', 0, 1, 1600, 900),
(50, 'nature', 'Jued', '2016-08-26', 9, 1, 0, '2RAn3zkf7A.jpg', 0, 1, 2560, 1600),
(51, 'nature', 'Jued', '2016-08-26', 7, 1, 0, 'Fkby2KfQGD.jpg', 0, 1, 2560, 1600),
(53, 'nature', 'Jued', '2016-08-26', 3, 1, 0, '24QYNfnKFH.jpg', 0, 1, 1920, 1080),
(54, 'nature', 'Jued', '2016-08-26', 4, 0, 0, 'Qk9hHyb84t.jpg', 0, 1, 1920, 1080),
(55, 'nature', 'Jued', '2016-08-26', 11, 2, 0, 'ZzA8YfDeKN.jpg', 0, 1, 1920, 1080),
(56, 'nature', 'Jued', '2016-08-26', 2, 1, 0, 'Y9e37t5ksZ.jpg', 0, 1, 2093, 1308),
(57, '3d', 'Jued', '2016-08-27', 3, 1, 0, '4Yes3kZiY3.jpg', 0, 1, 1920, 1200),
(58, '3d', 'Jued', '2016-08-27', 3, 1, 0, 'z7eFG4ksi6.jpg', 0, 1, 2560, 1600),
(59, '3d', 'Jued', '2016-08-27', 4, 2, 0, 'RFQbRr7b9k.jpg', 0, 1, 1920, 1200),
(60, 'city', 'Jued', '2016-08-27', 1, 0, 0, 'B3Th5N6tAF.jpg', 0, 1, 2560, 1600),
(61, 'city', 'Jued', '2016-08-27', 2, 1, 0, 'yRKzn2y53H.jpg', 0, 1, 2560, 1440),
(62, 'city', 'Jued', '2016-08-27', 2, 1, 0, 'DERbiFAbnQ.jpg', 0, 1, 1920, 1080),
(63, 'city', 'Jued', '2016-08-27', 4, 2, 0, '54z8BBBeYe.jpg', 0, 1, 1920, 1200),
(64, 'city', 'Jued', '2016-08-27', 6, 3, 0, 'rAr45y42AA.jpg', 0, 1, 1920, 1080),
(69, 'city', 'Jued', '2016-08-27', 4, 1, 0, 'SrSYEkhYA7.jpg', 0, 1, 2000, 1125),
(71, 'city', 'Jued', '2016-08-27', 5, 1, 0, '5R7F9AkKKE.jpg', 0, 1, 3840, 2160),
(72, 'city', 'Jued', '2016-08-27', 2, 1, 0, 'f33bzbrD9F.jpg', 0, 1, 3840, 2160),
(73, 'city', 'Jued', '2016-08-27', 2, 1, 0, 'ZrQ9td4ByY.jpg', 0, 1, 2048, 1367),
(74, 'auto', 'Jued', '2016-08-27', 3, 1, 0, '5i8YAZSKsK.jpg', 0, 1, 2080, 1080),
(75, 'auto', 'Jued', '2016-08-27', 2, 1, 0, 'ZZHfky59d7.jpg', 0, 1, 2067, 1080),
(76, 'auto', 'Jued', '2016-08-27', 3, 2, 0, '7TiB8rZT5R.jpg', 0, 1, 1933, 1080),
(77, 'auto', 'Jued', '2016-08-27', 1, 2, 0, 'TG5S6ikttF.jpg', 0, 1, 1986, 1143),
(78, 'auto', 'Jued', '2016-08-27', 1, 1, 0, 'krHn647B83.jpg', 0, 1, 2032, 1080),
(79, 'auto', 'Jued', '2016-08-27', 1, 1, 0, 'NifS9rtR4b.jpg', 0, 1, 1968, 1162),
(80, 'auto', 'Jued', '2016-08-27', 2, 1, 0, 'Yb5dzrBnth.jpg', 0, 1, 1920, 1163),
(81, 'auto', 'Jued', '2016-08-27', 1, 1, 0, 'Y9hDtNGBK2.jpg', 0, 1, 1920, 1134),
(83, 'auto', 'Jued', '2016-08-27', 3, 0, 0, '4rkKbeFydr.jpg', 0, 1, 1920, 1098),
(84, 'auto', 'Jued', '2016-08-27', 0, 0, 0, 'r8YGTnA5E8.jpg', 0, 1, 1933, 1080),
(85, 'auto', 'Jued', '2016-08-27', 2, 1, 0, 'i2ZZrQ7n8B.jpg', 0, 1, 2041, 1080),
(86, 'winter', 'Jued', '2016-08-27', 1, 3, 0, 'bTF3DHkD7r.jpg', 0, 1, 1600, 1169),
(87, 'winter', 'Jued', '2016-08-27', 1, 1, 0, '2GNTndzY9r.jpg', 0, 1, 1600, 1200),
(88, 'winter', 'Jued', '2016-08-27', 1, 1, 0, '8kkBTETRQ4.jpg', 0, 1, 2560, 1600),
(89, 'winter', 'Jued', '2016-08-27', 1, 1, 0, 'kn86AsyfYy.jpg', 0, 1, 1920, 1200),
(90, 'winter', 'Jued', '2016-08-27', 3, 1, 0, 'ZNS6Zy5edd.jpg', 0, 1, 2048, 1365),
(91, 'winter', 'Jued', '2016-08-27', 1, 1, 0, 'RTtGhF47Qf.jpg', 0, 1, 2500, 1488),
(92, 'winter', 'Jued', '2016-08-27', 2, 1, 0, 'kYfAHQdA3z.jpg', 0, 1, 2048, 1367),
(93, 'winter', 'Jued', '2016-08-27', 1, 1, 0, 'sErzK3KYH2.jpg', 0, 1, 5472, 3648),
(94, 'winter', 'Jued', '2016-08-27', 1, 1, 0, 'f8BAnk2T65.jpg', 0, 1, 2560, 1665),
(95, 'winter', 'Jued', '2016-08-27', 5, 1, 0, '5Bbf36YD2k.jpg', 0, 1, 3840, 2160),
(96, 'winter', 'Jued', '2016-08-27', 2, 1, 0, 'Gb3YdrGs2z.jpg', 0, 1, 1920, 1280),
(102, 'cats', 'Solntseva', '2016-08-28', 6, 1, 0, 'bD53H74FYk.jpg', 0, 1, 2241, 1650),
(103, 'winter', 'Solntseva', '2016-08-28', 2, 2, 0, 'iZ8yGYtZEe.jpg', 0, 1, 2000, 1125),
(104, 'winter', 'Solntseva', '2016-08-28', 4, 1, 0, 'K3FSA8ti2t.jpg', 0, 1, 2560, 1440),
(105, 'winter', 'Solntseva', '2016-08-28', 2, 1, 0, '4hbyFdysQR.jpg', 0, 1, 1920, 1080),
(106, 'winter', 'Solntseva', '2016-08-28', 5, 1, 0, 'hN7NeY3Y5k.jpg', 0, 1, 2000, 1346),
(108, 'winter', 'Jued', '2016-08-28', 2, 1, 0, 'B8yhr8FkiT.jpg', 0, 1, 2048, 1365),
(109, 'winter', 'Jued', '2016-08-28', 3, 1, 0, '7sZeSkK46Q.jpg', 0, 1, 3840, 2160),
(111, 'interior', 'Alex', '2016-08-29', 3, 1, 0, 'GsNfG4KD5A.jpg', 0, 1, 1837, 1026),
(112, 'interior', 'Alex', '2016-08-29', 3, 1, 0, 'F62HEN6f57.jpg', 0, 1, 1280, 960),
(113, 'cats', 'Alex', '2016-08-29', 2, 1, 0, '2r9hReH6ZZ.jpg', 0, 1, 1920, 1200),
(114, 'animals', 'Alex', '2016-08-29', 3, 1, 0, 'tRNsZsfSHf.jpg', 0, 1, 1920, 1080),
(115, 'cats', 'Alex', '2016-08-29', 2, 1, 0, 'AS4dAEr8hf.jpg', 0, 1, 1920, 1200),
(118, 'auto', 'Alex', '2016-08-29', 1, 1, 0, 'r92ebsA8Hs.jpg', 0, 1, 1920, 1236),
(119, 'winter', 'Alex', '2016-08-29', 2, 0, 0, 'E4ETEhktbB.jpg', 0, 1, 5120, 3200),
(120, 'nature', 'Alex', '2016-08-29', 2, 1, 0, '58KKkyHStE.jpg', 0, 1, 1920, 1280),
(121, 'minimalism', 'Alex', '2016-08-29', 3, 1, 0, 'Ae84frfnnB.jpg', 0, 1, 2048, 1365),
(122, 'interior', 'Alex', '2016-08-29', 1, 1, 0, 'DDYyG5sNn7.jpg', 0, 1, 1920, 1200),
(124, 'nature', 'Alex', '2016-08-29', 2, 1, 0, 'RnZky2TBEr.jpg', 0, 1, 1365, 768),
(125, 'auto', 'Alex', '2016-08-29', 3, 1, 0, 'FG89Ke5NAR.jpg', 0, 1, 1366, 768),
(126, 'moto', 'Alex', '2016-08-29', 4, 1, 0, 'sTKG556QTB.jpg', 0, 1, 1366, 768),
(127, 'nature', 'Alex', '2016-08-29', 5, 1, 0, 'YDtsrsb5GQ.jpg', 0, 1, 1366, 768),
(128, 'anime', 'Alex', '2016-08-29', 6, 1, 0, 'nd7AFzsBN2.jpg', 0, 1, 1366, 768),
(129, 'nature', 'Alex', '2016-08-29', 3, 2, 0, 'FQTeeshQ9K.jpg', 0, 1, 1366, 768),
(130, 'animals', 'Alex', '2016-08-29', 1, 1, 0, 'Kk9QGzztF6.jpg', 0, 1, 1366, 768),
(131, 'city', 'Alex', '2016-08-29', 3, 1, 0, 't8bn49hdDY.jpg', 0, 1, 1366, 768),
(132, 'animals', 'Alex', '2016-08-29', 1, 1, 0, 'QfRzQi9NhQ.jpg', 0, 1, 1366, 768),
(133, 'city', 'Alex', '2016-08-29', 3, 1, 0, 'HQieHZ9YTR.jpg', 0, 1, 1366, 768),
(134, 'nature', 'Alex', '2016-08-29', 3, 2, 1, 'biDZHHZ55F.jpg', 0, 1, 1366, 768),
(135, 'winter', 'Jued', '2016-08-30', 2, 1, 0, 'iYr6KGYYRh.jpg', 0, 1, 2048, 1365),
(136, 'winter', 'Jued', '2016-08-30', 1, 1, 0, '862ehfFF4r.jpg', 0, 1, 1920, 1080),
(137, 'winter', 'Jued', '2016-08-30', 2, 1, 0, 'Yf6rK4yEeY.jpg', 0, 1, 1920, 1200),
(138, 'winter', 'Jued', '2016-08-30', 1, 1, 0, '5kr4eEy47E.jpg', 0, 1, 3753, 2416),
(139, 'winter', 'Jued', '2016-08-30', 1, 1, 0, '6EBsk762Q4.jpg', 0, 1, 1920, 1200),
(140, 'winter', 'Jued', '2016-08-30', 1, 1, 0, 'ZB2NZkGd76.jpg', 0, 1, 1920, 1080),
(141, 'winter', 'Jued', '2016-08-30', 2, 1, 0, '8D9fDKFG2H.jpg', 0, 1, 1920, 1200),
(142, 'winter', 'Jued', '2016-08-30', 1, 1, 0, 'ekT92b2sK5.jpg', 0, 1, 1920, 1080),
(143, 'winter', 'Jued', '2016-08-30', 1, 1, 0, 'hSYTbr9AGy.jpg', 0, 1, 1920, 1080),
(144, 'winter', 'Jued', '2016-08-30', 1, 1, 0, 'ybkD4Tin6H.jpg', 0, 1, 1920, 1080),
(145, 'winter', 'Jued', '2016-08-30', 1, 0, 0, 'TE7e77RTBD.jpg', 0, 1, 2045, 1300),
(146, 'winter', 'Jued', '2016-08-30', 1, 1, 0, 'z2dAZi64FN.jpg', 0, 1, 1920, 1080),
(148, 'winter', 'Jued', '2016-08-30', 1, 1, 0, 'iRy5BTSz6A.jpg', 0, 1, 1920, 1080),
(149, 'winter', 'Jued', '2016-08-30', 1, 1, 0, 'izkihyQnt5.jpg', 0, 1, 1920, 1080),
(150, 'winter', 'Jued', '2016-08-30', 1, 1, 0, '8RbekAQQF6.jpg', 0, 1, 2560, 1600),
(151, 'winter', 'Jued', '2016-08-30', 1, 1, 0, 'szYKR93hAY.jpg', 0, 1, 1920, 1080),
(152, 'winter', 'Jued', '2016-08-30', 2, 1, 0, 'yKisbA9RSQ.jpg', 0, 1, 2560, 1558),
(153, 'winter', 'Jued', '2016-08-30', 1, 1, 0, 'ZfbHZzkE3T.jpg', 0, 1, 2560, 1571),
(154, 'winter', 'Jued', '2016-08-30', 1, 1, 0, 'e27rReA3Bz.jpg', 0, 1, 2048, 1365),
(155, 'winter', 'Jued', '2016-08-30', 1, 1, 0, 'EneD7H5rQi.jpg', 0, 1, 1920, 1200),
(156, 'winter', 'Jued', '2016-08-30', 2, 1, 0, 'S6zfeKf9t8.jpg', 0, 1, 4100, 2733),
(157, 'winter', 'Jued', '2016-08-30', 1, 1, 0, 'YKfkNBi7rE.jpg', 0, 1, 2048, 1289),
(158, 'winter', 'Jued', '2016-08-30', 1, 1, 0, 'hhHikTie55.jpg', 0, 1, 2048, 1383),
(159, 'winter', 'Jued', '2016-08-30', 1, 1, 0, 'n33zyDzifS.jpg', 0, 1, 2048, 1367),
(160, 'architecture', 'Jued', '2016-08-31', 1, 2, 0, '7QbA8RQ6z2.jpg', 0, 1, 1920, 1080),
(161, 'food', 'Jued', '2016-08-31', 3, 1, 0, 'NsiDi98Dy6.jpg', 0, 1, 2560, 1600),
(163, 'girls', 'Jued', '2016-08-31', 5, 1, 0, 'bnfAsYGrER.jpg', 0, 1, 2048, 1356),
(164, 'animals', 'Jued', '2016-08-31', 1, 1, 0, 'biARsBh42N.jpg', 0, 1, 2048, 1238),
(168, 'game', 'Jued', '2016-08-31', 2, 1, 0, 'yHdK5K57h4.jpg', 0, 1, 1920, 1200),
(169, 'interior', 'Jued', '2016-08-31', 2, 1, 0, 'z5Z2NZF695.jpg', 0, 1, 1920, 1200),
(170, 'love', 'Jued', '2016-08-31', 2, 1, 0, 'ebz4zSzBnS.jpg', 0, 1, 2560, 1440),
(171, 'macro', 'Jued', '2016-08-31', 1, 1, 0, 'FfQeeek38K.jpg', 0, 1, 1920, 1200),
(172, 'man', 'Jued', '2016-08-31', 2, 1, 0, '352GshsEBH.jpg', 0, 1, 1920, 1200),
(173, 'music', 'Jued', '2016-08-31', 1, 1, 0, 'zGnAzSKtFQ.jpg', 0, 1, 2560, 1600),
(174, 'music', 'Jued', '2016-08-31', 2, 1, 0, 'y4k2SGkHbs.jpg', 0, 1, 1920, 1080),
(175, 'weapon', 'Jued', '2016-08-31', 1, 1, 0, 'N9k533eBhQ.jpg', 0, 1, 1920, 1080),
(176, 'sport', 'Jued', '2016-08-31', 1, 1, 0, 'rh5ksYRRD2.jpg', 0, 1, 2560, 1600),
(179, 'texture', 'Jued', '2016-08-31', 4, 1, 0, '93diT7AzAB.jpg', 0, 1, 1920, 1200),
(182, 'movies', 'Jued', '2016-08-31', 4, 1, 0, 'rAnrBifYiQ.jpg', 0, 1, 1920, 1200),
(184, 'fantasy', 'Jued', '2016-08-31', 2, 1, 0, 'zZf4HK64Y2.jpg', 0, 1, 1680, 1050),
(185, 'minimalism', 'Jued', '2016-08-31', 1, 1, 0, 't627KEQ47F.jpg', 0, 1, 1366, 768),
(186, 'minimalism', 'Jued', '2016-08-31', 1, 1, 0, 'EB2EBsH54f.jpg', 0, 1, 3840, 2160),
(187, 'minimalism', 'Jued', '2016-08-31', 2, 1, 0, '8b6EBzzy78.jpg', 0, 1, 1366, 768),
(188, 'game', 'Jued', '2016-08-31', 7, 1, 0, 'rA5H25hGeN.jpg', 0, 1, 1366, 768),
(190, 'minimalism', 'Jued', '2016-08-31', 1, 1, 0, 'A5DQAR2DhZ.jpg', 0, 1, 1366, 768),
(191, 'minimalism', 'Jued', '2016-08-31', 1, 1, 0, 'knzZE2269d.jpg', 0, 1, 1366, 768),
(193, 'minimalism', 'Jued', '2016-08-31', 1, 2, 0, 'SBiz48K4ZB.jpg', 0, 1, 1366, 768),
(194, 'minimalism', 'Jued', '2016-08-31', 2, 0, 0, 'rhEbdAyRez.jpg', 0, 1, 1366, 768),
(195, 'minimalism', 'Jued', '2016-08-31', 2, 1, 0, '4ETB25btAE.jpg', 0, 1, 1366, 768),
(196, 'minimalism', 'Jued', '2016-08-31', 2, 1, 0, 'Z4ET4KEKGe.jpg', 0, 1, 1366, 768),
(197, 'minimalism', 'Jued', '2016-08-31', 1, 1, 0, 'HTrA4BbEnH.jpg', 0, 1, 1366, 768),
(198, 'minimalism', 'Jued', '2016-08-31', 1, 1, 0, '8iQk98K2fH.jpg', 0, 1, 1366, 768),
(199, 'minimalism', 'Jued', '2016-08-31', 2, 1, 0, 'Hk9Y67Sb92.jpg', 0, 1, 1366, 768),
(200, 'minimalism', 'Jued', '2016-08-31', 1, 1, 0, 'D5ttDZEEtH.jpg', 0, 1, 1366, 768),
(201, 'minimalism', 'Jued', '2016-08-31', 1, 1, 0, '3A9GkZQz8d.jpg', 0, 1, 1366, 768),
(202, 'minimalism', 'Jued', '2016-08-31', 1, 1, 0, '7EYDfQ3GkK.jpg', 0, 1, 1366, 768),
(203, 'minimalism', 'Jued', '2016-08-31', 1, 1, 0, 'bT93T44kfD.jpg', 0, 1, 1366, 768),
(204, 'minimalism', 'Jued', '2016-08-31', 2, 1, 0, 'dS4RGTittN.jpg', 0, 1, 1366, 768),
(205, 'minimalism', 'Jued', '2016-08-31', 2, 1, 0, 'EhEF2erEy4.jpg', 0, 1, 1366, 768),
(206, 'minimalism', 'Jued', '2016-08-31', 2, 1, 0, 'Nkref75ddb.jpg', 0, 1, 1366, 768),
(207, 'minimalism', 'Jued', '2016-08-31', 2, 2, 0, '2nzz7DQeBN.jpg', 0, 1, 1366, 768),
(208, 'minimalism', 'Jued', '2016-08-31', 2, 1, 0, 'KhrnDykK7D.jpg', 0, 1, 1366, 768),
(209, 'minimalism', 'Jued', '2016-08-31', 2, 1, 0, 'TQGKT5fz9y.jpg', 0, 1, 1366, 768),
(210, 'minimalism', 'Jued', '2016-08-31', 2, 3, 0, 'GS28BbyfZY.jpg', 0, 1, 1366, 768),
(211, 'minimalism', 'Jued', '2016-08-31', 2, 1, 0, 'KGteAKH557.jpg', 0, 1, 1366, 768),
(212, 'minimalism', 'Jued', '2016-08-31', 2, 1, 0, 'd2ASsBTn2T.jpg', 0, 1, 1366, 768),
(213, 'animals', 'Jued', '2016-08-31', 1, 1, 0, '5bi79t8BBf.jpg', 0, 1, 1920, 1200),
(214, 'food', 'Jued', '2016-08-31', 4, 1, 0, '9syD8sQG6n.jpg', 0, 1, 1920, 1280),
(215, 'animals', 'Jued', '2016-08-31', 1, 2, 0, 'EZKNyT7zYT.jpg', 0, 1, 1600, 1200),
(216, 'animals', 'Jued', '2016-08-31', 1, 1, 0, 'T34dBGD3ft.jpg', 0, 1, 2560, 1600),
(217, 'animals', 'Jued', '2016-08-31', 1, 1, 0, 'DhtSyQD4TB.jpg', 0, 1, 1920, 1080),
(218, 'animals', 'Jued', '2016-08-31', 1, 1, 0, 'DzHKFKtE2B.jpg', 0, 1, 2457, 1600),
(219, 'animals', 'Jued', '2016-08-31', 1, 1, 0, 'y7HTE9deSy.jpg', 0, 1, 2560, 1600),
(220, 'animals', 'Jued', '2016-08-31', 1, 1, 0, 'KFkTZAs834.jpg', 0, 1, 2038, 1230),
(221, 'animals', 'Jued', '2016-08-31', 1, 1, 0, '2ZQkEQ5EbH.jpg', 0, 1, 1920, 1200),
(222, 'animals', 'Jued', '2016-08-31', 1, 1, 0, 'keShkfs4Gk.jpg', 0, 1, 2048, 1285),
(223, 'animals', 'Jued', '2016-08-31', 1, 1, 0, '4didtyBBfZ.jpg', 0, 1, 2048, 1365),
(224, 'animals', 'Jued', '2016-08-31', 2, 1, 0, 'G9reEKnQy5.jpg', 0, 1, 1920, 1080),
(225, 'animals', 'Jued', '2016-08-31', 1, 1, 0, 'EnEtYFAEFS.jpg', 0, 1, 2560, 1571),
(226, 'animals', 'Jued', '2016-08-31', 1, 1, 0, 'nSyQi3bR8K.jpg', 0, 1, 1920, 1200),
(227, 'animals', 'Jued', '2016-08-31', 1, 1, 0, 'ehsKKRHY6B.jpg', 0, 1, 1920, 1200),
(228, 'animals', 'Jued', '2016-08-31', 1, 2, 0, 'ybFBZtT2Nt.jpg', 0, 1, 1920, 1200),
(229, 'animals', 'Jued', '2016-08-31', 0, 0, 0, 'BkdTee8B66.jpg', 0, 1, 2049, 1366),
(230, 'animals', 'Jued', '2016-08-31', 1, 2, 0, 'z2H8t7y5t5.jpg', 0, 1, 2048, 1297),
(231, 'animals', 'Jued', '2016-08-31', 1, 2, 0, 'TfGR87zGRE.jpg', 0, 1, 1920, 1080),
(232, 'animals', 'Jued', '2016-08-31', 1, 1, 0, 'QByfn8y4Tb.jpg', 0, 1, 1920, 1080),
(233, 'animals', 'Jued', '2016-08-31', 1, 1, 0, '3Q7yi7SAFe.jpg', 0, 1, 2560, 1600),
(234, 'animals', 'Jued', '2016-08-31', 1, 1, 0, 'Ny59sFYnZR.jpg', 0, 1, 2560, 1600),
(235, 'animals', 'Jued', '2016-08-31', 1, 1, 0, 'DTRSN6yhRr.jpg', 0, 1, 1920, 1200),
(236, 'animals', 'Jued', '2016-08-31', 0, 0, 0, 'kEzYNyE6zF.jpg', 0, 1, 1920, 1080),
(237, 'animals', 'Jued', '2016-08-31', 1, 1, 0, 'GbbNGkTY43.jpg', 0, 1, 2560, 1600),
(238, 'animals', 'Jued', '2016-08-31', 1, 1, 0, '42hRzrH5SG.jpg', 0, 1, 1920, 1200),
(239, 'animals', 'Jued', '2016-08-31', 1, 1, 0, 'DEt2eFHQ3Y.jpg', 0, 1, 1920, 1200),
(240, 'animals', 'Jued', '2016-08-31', 1, 1, 0, 'hsrDihGQ6s.jpg', 0, 1, 1920, 1200),
(241, 'animals', 'Jued', '2016-08-31', 1, 1, 0, '378SGfrtRe.jpg', 0, 1, 2560, 1600),
(242, 'animals', 'Jued', '2016-08-31', 1, 1, 0, 'R88bDQsTGA.jpg', 0, 1, 2560, 1600),
(243, 'animals', 'Jued', '2016-08-31', 1, 1, 0, 'rRsnd8hYn8.jpg', 0, 1, 2560, 1600),
(244, 'animals', 'Jued', '2016-08-31', 1, 1, 0, 'RAdTFystY2.jpg', 0, 1, 1920, 1080),
(245, 'animals', 'Jued', '2016-08-31', 1, 1, 0, 'hR3NGTy88k.jpg', 0, 1, 1920, 1200),
(246, 'animals', 'Jued', '2016-08-31', 1, 1, 0, 'd6b6KASr2i.jpg', 0, 1, 1920, 1200),
(247, 'animals', 'Jued', '2016-08-31', 1, 1, 0, 'D7Qz74reZ2.jpg', 0, 1, 2560, 1600),
(248, 'animals', 'Jued', '2016-08-31', 1, 1, 0, 'r228KdQ7Nd.jpg', 0, 1, 1920, 1080),
(249, 'animals', 'Jued', '2016-08-31', 1, 1, 0, 'FAyhi6nbHB.jpg', 0, 1, 1920, 1080),
(250, 'animals', 'Jued', '2016-08-31', 1, 1, 0, 'hHsy7Frtyf.jpg', 0, 1, 1920, 1080),
(251, 'animals', 'Jued', '2016-08-31', 1, 1, 0, 'FFYdsbBGyF.jpg', 0, 1, 1920, 1080),
(252, 'animals', 'Jued', '2016-08-31', 1, 0, 0, 'yft4r6K7nQ.jpg', 0, 1, 2000, 1333),
(253, 'animals', 'Jued', '2016-08-31', 3, 1, 0, 'G3e2tRHK4i.jpg', 0, 1, 2000, 1333),
(254, 'animals', 'Jued', '2016-08-31', 2, 1, 0, 'Ys4ts7dB7E.jpg', 0, 1, 1920, 1600),
(255, 'animals', 'Jued', '2016-08-31', 1, 1, 0, 'RYbT49nsKQ.jpg', 0, 1, 1920, 1280),
(256, 'animals', 'Jued', '2016-08-31', 4, 1, 0, '3S2fKKeGYe.jpg', 0, 1, 1920, 1461),
(257, 'animals', 'Jued', '2016-08-31', 1, 1, 0, 'TZZd3EEKsF.jpg', 0, 1, 1920, 1278),
(258, 'animals', 'Jued', '2016-08-31', 1, 1, 0, '3n5sr7ikY5.jpg', 0, 1, 1920, 1200),
(259, 'animals', 'Jued', '2016-08-31', 3, 1, 0, '6ANGZG6tBB.jpg', 0, 1, 1920, 1272),
(260, 'animals', 'Jued', '2016-08-31', 1, 1, 0, 'hREKT3NA6z.jpg', 0, 1, 2048, 1365),
(261, 'animals', 'Jued', '2016-08-31', 1, 2, 0, 'D7tef5RTtY.jpg', 0, 1, 1920, 1200),
(262, 'animals', 'Jued', '2016-08-31', 1, 1, 0, 'Gd9seAZD6d.jpg', 0, 1, 1920, 1080),
(263, 'animals', 'Jued', '2016-08-31', 1, 1, 0, 'A9RR2RZT94.jpg', 0, 1, 1920, 1200),
(264, 'animals', 'Jued', '2016-08-31', 2, 1, 0, 'h2nd3n9Q8t.jpg', 0, 1, 1920, 1200),
(265, 'animals', 'Jued', '2016-08-31', 2, 1, 0, 'DGKR7FKA2s.jpg', 0, 1, 1920, 1200),
(266, 'animals', 'Jued', '2016-08-31', 2, 1, 0, 'i75HKYf8eA.jpg', 0, 1, 1920, 1200),
(267, 'animals', 'Jued', '2016-08-31', 2, 1, 0, 'Bd9GRAibSf.jpg', 0, 1, 1920, 1200),
(268, 'animals', 'Jued', '2016-08-31', 2, 1, 0, 'kfbNdrKEt5.jpg', 0, 1, 2560, 1600),
(269, 'animals', 'Jued', '2016-08-31', 3, 1, 0, 'HRfQEQrQzR.jpg', 0, 1, 1920, 1200),
(270, 'animals', 'Jued', '2016-08-31', 2, 1, 0, 'rrhSHyz9s9.jpg', 0, 1, 1920, 1200),
(271, 'animals', 'Jued', '2016-08-31', 2, 1, 0, '9yNbK2rYze.jpg', 0, 1, 2560, 1600),
(272, 'space', 'S5SHAYA', '2016-08-31', 3, 2, 0, '5hGNNK69n4.jpg', 0, 1, 1920, 1200),
(273, 'animals', 'S5SHAYA', '2016-08-31', 4, 1, 0, 'bezrGs2342.jpg', 0, 1, 1920, 1200),
(274, 'nature', 'S5SHAYA', '2016-08-31', 4, 1, 0, 'HeD7TNB3AR.jpg', 0, 1, 1920, 1200),
(275, 'nature', 'S5SHAYA', '2016-08-31', 4, 1, 0, 'QDG63GF565.jpg', 0, 1, 1920, 1200),
(276, 'nature', 'S5SHAYA', '2016-08-31', 4, 2, 0, 'Fbf3YR3A3Y.jpg', 0, 1, 1920, 1200),
(277, 'nature', 'S5SHAYA', '2016-08-31', 3, 1, 0, 'eArdr5YHee.jpg', 0, 1, 2048, 1360),
(278, 'city', 'S5SHAYA', '2016-08-31', 3, 1, 0, '9GQZ7YRAbt.jpg', 0, 1, 1920, 1080),
(279, 'creative', 'Jued', '2016-08-31', 1, 1, 0, '59zt3F8B6f.jpg', 0, 1, 2560, 1600),
(280, 'creative', 'Jued', '2016-08-31', 1, 2, 0, 'btHTQQRAfd.jpg', 0, 1, 1920, 1080),
(281, 'creative', 'Jued', '2016-08-31', 1, 1, 0, '6dyAbGirDB.jpg', 0, 1, 1920, 1080),
(282, 'creative', 'Jued', '2016-08-31', 1, 1, 0, 'NYGAKnR2Fh.jpg', 0, 1, 2560, 1600),
(283, 'creative', 'Jued', '2016-08-31', 1, 1, 0, 'b8KSsKTzdD.jpg', 0, 1, 2560, 1600),
(284, 'creative', 'Jued', '2016-08-31', 2, 1, 0, 'EzDYfEhYsz.jpg', 0, 1, 1920, 1080),
(285, 'creative', 'Jued', '2016-08-31', 1, 1, 0, 'E2Tz82H8et.jpg', 0, 1, 1920, 1200),
(286, 'creative', 'Jued', '2016-08-31', 1, 2, 0, 'GRfrrGAHrF.jpg', 0, 1, 1920, 1080),
(287, 'creative', 'Jued', '2016-08-31', 3, 1, 0, 'Ht9DNhFeNR.jpg', 0, 1, 1920, 1200),
(288, 'movies', 'S5SHAYA', '2016-08-31', 4, 0, 0, 'sE2sDizhfK.jpg', 0, 1, 1920, 1080),
(289, 'creative', 'Jued', '2016-08-31', 1, 1, 0, 'rfBYbn28tn.jpg', 0, 1, 1920, 1080),
(290, 'creative', 'Jued', '2016-08-31', 1, 2, 0, '7Kt7sKt8t2.jpg', 0, 1, 2560, 1576),
(291, 'creative', 'Jued', '2016-08-31', 0, 0, 0, 'E4ek2RDBBQ.jpg', 0, 1, 1920, 1080),
(292, 'creative', 'Jued', '2016-08-31', 1, 0, 0, 'Fy3sF4hdyt.jpg', 0, 1, 2560, 1600),
(293, 'movies', 'S5SHAYA', '2016-08-31', 4, 0, 0, 'y74zBK9nF3.jpg', 0, 1, 1600, 1200),
(294, 'creative', 'Jued', '2016-08-31', 1, 1, 0, 'Ds2NSAz2zZ.jpg', 0, 1, 1920, 1080),
(295, 'creative', 'Jued', '2016-08-31', 1, 1, 0, 'e2NYfSnNdE.jpg', 0, 1, 2560, 1600),
(296, 'creative', 'Jued', '2016-08-31', 1, 0, 0, 'DGszG34FsB.jpg', 0, 1, 2560, 1600),
(297, 'creative', 'Jued', '2016-08-31', 1, 1, 0, 'zShzbRKfRz.jpg', 0, 1, 1920, 1200),
(298, 'creative', 'Jued', '2016-08-31', 0, 0, 0, '7GEBHf2eKb.jpg', 0, 1, 1920, 1200),
(299, 'creative', 'Jued', '2016-08-31', 1, 1, 0, 'ZBdsi64546.jpg', 0, 1, 2560, 1600),
(300, 'creative', 'Jued', '2016-08-31', 2, 1, 0, 'ri4ryAfz4k.jpg', 0, 1, 1920, 1200),
(301, 'creative', 'Jued', '2016-08-31', 1, 2, 0, 'Z5Kz5ANny7.jpg', 0, 1, 1920, 1080),
(302, 'creative', 'Jued', '2016-08-31', 1, 1, 0, 'RE63Nh87en.jpg', 0, 1, 1920, 1080),
(303, 'creative', 'Jued', '2016-08-31', 1, 1, 0, 'BkhF4tDhA9.jpg', 0, 1, 1920, 1080),
(304, 'creative', 'Jued', '2016-08-31', 1, 1, 0, '3DF7ifH6nD.jpg', 0, 1, 1920, 1080),
(305, 'creative', 'Jued', '2016-08-31', 2, 1, 0, 'eGzterYsF3.jpg', 0, 1, 1920, 1200),
(306, 'creative', 'Jued', '2016-08-31', 0, 0, 0, '3329EsYb59.jpg', 0, 1, 1920, 1200),
(307, 'creative', 'Jued', '2016-08-31', 0, 0, 0, 'GnnHiH88Si.jpg', 0, 1, 2560, 1440),
(308, 'creative', 'Jued', '2016-08-31', 1, 2, 0, 'ATNTBZAf4s.jpg', 0, 1, 1920, 1080),
(309, 'creative', 'Jued', '2016-08-31', 1, 0, 0, 'FtRsQ4rQrd.jpg', 0, 1, 1920, 1080),
(310, 'creative', 'Jued', '2016-08-31', 1, 0, 0, 'kY2F5hT8QA.jpg', 0, 1, 1920, 1080),
(311, 'creative', 'Jued', '2016-08-31', 0, 0, 0, 'z4e2f9AN7h.jpg', 0, 1, 1920, 1200),
(312, 'creative', 'Jued', '2016-08-31', 1, 0, 0, 'zbER4K633r.jpg', 0, 1, 1920, 1200),
(313, 'creative', 'Jued', '2016-08-31', 0, 0, 0, '2AihnKeTH8.jpg', 0, 1, 1920, 1200),
(314, 'creative', 'Jued', '2016-08-31', 1, 1, 0, 'ZNysedsThy.jpg', 0, 1, 2560, 1600),
(315, 'creative', 'Jued', '2016-08-31', 1, 1, 0, 'An7GyD8Dzz.jpg', 0, 1, 1920, 1200),
(316, 'creative', 'Jued', '2016-08-31', 1, 1, 0, '93sFZ4ndR9.jpg', 0, 1, 1920, 1080),
(317, 'creative', 'Jued', '2016-08-31', 1, 0, 0, 'SDbetTrrH6.jpg', 0, 1, 1920, 1080),
(318, 'music', 'S5SHAYA', '2016-08-31', 4, 1, 0, 'SSDRAn357d.jpg', 0, 1, 1920, 1080),
(319, 'music', 'S5SHAYA', '2016-08-31', 3, 2, 0, '3QQ2tEHRbQ.jpg', 0, 1, 1920, 1200),
(320, 'creative', 'Jued', '2016-08-31', 3, 2, 1, '2QS68nz8Ki.jpg', 0, 1, 1920, 1200),
(321, 'nature', 'S5SHAYA', '2016-08-31', 6, 1, 0, 'RidAAi6R5S.jpg', 0, 1, 1920, 1200),
(322, 'creative', 'Jued', '2016-08-31', 3, 1, 0, 'e6TbYBZNb2.jpg', 0, 1, 1920, 1200),
(323, 'movies', 'S5SHAYA', '2016-08-31', 4, 0, 0, 'fY4fG22R3r.jpg', 0, 1, 1920, 1080),
(324, 'creative', 'Jued', '2016-08-31', 2, 1, 0, 'Qd2Tzybnfd.jpg', 0, 1, 1920, 1080),
(325, 'creative', 'Jued', '2016-08-31', 1, 2, 0, 'SzY7ZriGeK.jpg', 0, 1, 2560, 1600),
(326, 'creative', 'Jued', '2016-08-31', 1, 1, 0, 'tHDbfQf2bD.jpg', 0, 1, 1920, 1200),
(327, 'creative', 'Jued', '2016-08-31', 1, 1, 0, 'H2EDKsQeR5.jpg', 0, 1, 1920, 1080),
(328, 'creative', 'Jued', '2016-08-31', 1, 0, 0, 'ESB735eRDT.jpg', 0, 1, 1920, 1080),
(329, 'creative', 'Jued', '2016-08-31', 2, 3, 0, '6k3Qz59snk.jpg', 0, 1, 2560, 1600),
(330, 'creative', 'Jued', '2016-08-31', 1, 1, 0, 'KShrZ7dFQA.jpg', 0, 1, 1920, 1080),
(331, 'creative', 'Jued', '2016-08-31', 1, 1, 0, 'TsK63DD7QH.jpg', 0, 1, 2560, 1600),
(332, 'creative', 'Jued', '2016-08-31', 1, 0, 0, 'B893r6s6Sf.jpg', 0, 1, 1920, 1080),
(333, 'creative', 'Jued', '2016-08-31', 0, 0, 0, 'h8hBDBfzYE.jpg', 0, 1, 1920, 1080),
(334, 'creative', 'Jued', '2016-08-31', 0, 0, 0, 'dQfyAAfYeH.jpg', 0, 1, 1920, 1080),
(335, 'creative', 'Jued', '2016-08-31', 1, 1, 0, 'nNb77AZ6Qe.jpg', 0, 1, 1920, 1200),
(336, 'creative', 'Jued', '2016-08-31', 1, 0, 0, 'EfEyDZkKfh.jpg', 0, 1, 1920, 1200),
(337, 'creative', 'Jued', '2016-08-31', 1, 1, 0, '96hyGDSR2t.jpg', 0, 1, 1920, 1200),
(338, 'creative', 'Jued', '2016-08-31', 1, 0, 0, 'tGSzERQytN.jpg', 0, 1, 1920, 1080),
(339, 'creative', 'Jued', '2016-08-31', 2, 1, 0, 'dGB6D5GinZ.jpg', 0, 1, 2560, 1600),
(340, 'creative', 'Jued', '2016-08-31', 2, 1, 0, 'BRFN7EknDr.jpg', 0, 1, 1920, 1200),
(341, 'creative', 'Jued', '2016-08-31', 2, 1, 0, '7RhGRTBBEQ.jpg', 0, 1, 1920, 1080),
(342, 'creative', 'Jued', '2016-08-31', 15, 1, 0, 'tBZZ3Fh7td.jpg', 0, 1, 1920, 1200),
(343, 'creative', 'Jued', '2016-08-31', 3, 1, 0, 'fki6NbAD8Q.jpg', 0, 1, 1920, 1200),
(344, 'creative', 'Jued', '2016-08-31', 6, 1, 0, 'dSkTRnQihT.jpg', 0, 1, 1920, 1200),
(345, 'space', 'Jued', '2016-08-31', 1, 1, 0, '4dNK3F2633.jpg', 0, 1, 2560, 1440),
(346, 'space', 'Jued', '2016-08-31', 1, 1, 0, 'GNRbTAkfDH.jpg', 0, 1, 1920, 1200),
(347, 'space', 'Jued', '2016-08-31', 1, 1, 0, 'ir4td7Rtse.jpg', 0, 1, 1920, 1200),
(348, 'space', 'Jued', '2016-08-31', 1, 1, 0, '8K6ERkErYZ.jpg', 0, 1, 1920, 1080),
(349, 'space', 'Jued', '2016-08-31', 1, 1, 0, 'ANQGHDrGDG.jpg', 0, 1, 1920, 1080),
(350, 'space', 'Jued', '2016-08-31', 1, 1, 0, 'DdAS5bnQfG.jpg', 0, 1, 1920, 1080),
(351, 'space', 'Jued', '2016-08-31', 1, 1, 0, 'hZHShRtE6n.jpg', 0, 1, 1920, 1080),
(352, 'space', 'Jued', '2016-08-31', 1, 1, 0, 'dN8yTyzeZz.jpg', 0, 1, 1920, 1080),
(353, 'space', 'Jued', '2016-08-31', 1, 1, 0, '7ARbyYnHfn.jpg', 0, 1, 1920, 1200),
(354, 'space', 'Jued', '2016-08-31', 2, 1, 0, 'rbY3BiFZ3N.jpg', 0, 1, 1920, 1080),
(355, 'space', 'Jued', '2016-08-31', 1, 1, 0, '92KyArKkQB.jpg', 0, 1, 1920, 1080),
(356, 'space', 'Jued', '2016-08-31', 1, 2, 0, '382YeZbF56.jpg', 0, 1, 1920, 1080),
(357, 'space', 'Jued', '2016-08-31', 1, 1, 0, 'NH5zHBHZZ7.jpg', 0, 1, 1920, 1080),
(358, 'space', 'Jued', '2016-08-31', 1, 1, 0, 'ire6AYs9Tn.jpg', 0, 1, 1920, 1080),
(359, 'space', 'Jued', '2016-08-31', 1, 1, 0, '7ft6NQY33k.jpg', 0, 1, 2560, 1600),
(360, 'space', 'Jued', '2016-08-31', 1, 1, 0, 'SzzsyKfn2S.jpg', 0, 1, 1920, 1080),
(361, 'space', 'Jued', '2016-08-31', 1, 1, 0, 'dQ3YZkZ78A.jpg', 0, 1, 1920, 1080),
(362, 'space', 'Jued', '2016-08-31', 1, 1, 0, '39A9Q3k9dk.jpg', 0, 1, 1920, 1080),
(363, 'space', 'Jued', '2016-08-31', 1, 1, 0, 'YRBKAdAKZr.jpg', 0, 1, 1920, 1200),
(364, 'space', 'Jued', '2016-08-31', 1, 1, 0, '69DerSSDF3.jpg', 0, 1, 1920, 1200),
(365, 'space', 'Jued', '2016-08-31', 2, 0, 0, '87Tr3fnRYT.jpg', 0, 1, 2560, 1600),
(366, 'space', 'Jued', '2016-08-31', 2, 1, 0, '88GZhdZeeD.jpg', 0, 1, 1920, 1200),
(367, 'space', 'Jued', '2016-08-31', 1, 1, 0, 'RktrNdRDQN.jpg', 0, 1, 1920, 1080),
(368, 'space', 'Jued', '2016-08-31', 1, 1, 0, 'KdSNFKY6tz.jpg', 0, 1, 1920, 1200),
(369, 'space', 'Jued', '2016-08-31', 2, 1, 0, 'fSs5tRY7Bh.jpg', 0, 1, 1920, 1200),
(370, 'space', 'Jued', '2016-08-31', 2, 1, 0, '4674QG2HHY.jpg', 0, 1, 1920, 1200),
(372, 'space', 'Jued', '2016-08-31', 2, 1, 0, 'TsthFsYzTH.jpg', 0, 1, 1920, 1080),
(373, 'space', 'Jued', '2016-08-31', 2, 1, 0, 'G7Af2zA36s.jpg', 0, 1, 1920, 1080),
(374, 'space', 'Jued', '2016-08-31', 2, 1, 0, 'tRAtNbB8bZ.jpg', 0, 1, 1920, 1080),
(375, 'space', 'Jued', '2016-08-31', 2, 2, 0, 'Rbd5NEHKse.jpg', 0, 1, 1920, 1080),
(376, 'space', 'Jued', '2016-08-31', 2, 1, 0, 'kBf5E7nE8Z.jpg', 0, 1, 1920, 1200),
(377, 'space', 'Jued', '2016-08-31', 2, 1, 0, 'ZZfeG7ZbTR.jpg', 0, 1, 2560, 1600),
(378, 'space', 'Jued', '2016-08-31', 3, 1, 0, '4Qk8nB2BTi.jpg', 0, 1, 1920, 1080),
(379, 'space', 'Jued', '2016-08-31', 2, 1, 0, 'ZZR6fSZdT2.jpg', 0, 1, 1920, 1080),
(380, 'space', 'Jued', '2016-08-31', 2, 1, 0, 'kzQTyfGb5b.jpg', 0, 1, 1920, 1200),
(381, 'auto', 'Jued', '2016-08-31', 1, 1, 0, 'HDGYYRsrZ2.jpg', 0, 1, 2118, 1080),
(382, 'auto', 'Jued', '2016-08-31', 1, 2, 0, 'FFKrGR2EYY.jpg', 0, 1, 1920, 1109),
(383, 'auto', 'Jued', '2016-08-31', 1, 1, 0, 'ArQhbGkF9r.jpg', 0, 1, 2051, 1080),
(384, 'auto', 'Jued', '2016-08-31', 1, 1, 0, 'sdGYDE5nbB.jpg', 0, 1, 1977, 1080),
(385, 'auto', 'Jued', '2016-08-31', 1, 1, 0, 'BNsSFs7tTR.jpg', 0, 1, 2051, 1080),
(386, 'auto', 'Jued', '2016-08-31', 1, 1, 0, 'nb2Fs8Zris.jpg', 0, 1, 1920, 1080),
(387, 'auto', 'Jued', '2016-08-31', 1, 1, 0, 'y4RNs4hHiQ.jpg', 0, 1, 1985, 1080),
(388, 'auto', 'Jued', '2016-08-31', 1, 1, 0, '2nBd73QkD5.jpg', 0, 1, 2051, 1080),
(389, 'auto', 'Jued', '2016-08-31', 1, 1, 0, 'tGiy8HRirT.jpg', 0, 1, 1920, 1080),
(390, 'auto', 'Jued', '2016-08-31', 1, 1, 0, '2RBszkbK9f.jpg', 0, 1, 2000, 1150),
(391, 'auto', 'Jued', '2016-08-31', 1, 0, 0, 'QsE94NNBH4.jpg', 0, 1, 2375, 1139),
(392, 'auto', 'Jued', '2016-08-31', 3, 0, 0, '7hhTEFy6tr.jpg', 0, 1, 2013, 1173),
(393, 'auto', 'Jued', '2016-08-31', 1, 1, 0, '6FBhEkFriD.jpg', 0, 1, 2076, 1080),
(394, 'auto', 'Jued', '2016-08-31', 1, 1, 0, 'yt2tyZ87tt.jpg', 0, 1, 2214, 1080),
(395, 'auto', 'Jued', '2016-08-31', 1, 1, 0, 'tRfiHDANsR.jpg', 0, 1, 2060, 1080),
(396, 'auto', 'Jued', '2016-08-31', 1, 1, 0, 'Btys9f2yeK.jpg', 0, 1, 1982, 1099),
(398, 'auto', 'Jued', '2016-08-31', 1, 2, 0, 'BtQSZ5zAkd.jpg', 0, 1, 1920, 1083),
(399, 'auto', 'Jued', '2016-08-31', 1, 1, 0, '74i2hhGTrs.jpg', 0, 1, 1961, 1080),
(400, 'auto', 'Jued', '2016-08-31', 1, 1, 0, 'k8y3s63r8K.jpg', 0, 1, 2048, 1130),
(401, 'auto', 'Jued', '2016-08-31', 1, 1, 0, '9ki62hBY9s.jpg', 0, 1, 2000, 1159),
(402, 'auto', 'Jued', '2016-08-31', 1, 1, 0, '5564zTn5ih.jpg', 0, 1, 1920, 1091),
(403, 'auto', 'Jued', '2016-08-31', 1, 3, 0, '93RYKnNeQi.jpg', 0, 1, 2495, 1464),
(404, 'auto', 'Jued', '2016-08-31', 1, 1, 0, 'KHzNNNRNQf.jpg', 0, 1, 1920, 1105),
(405, 'auto', 'Jued', '2016-08-31', 1, 1, 0, 'ebyHfZrArb.jpg', 0, 1, 2000, 1085),
(406, 'auto', 'Jued', '2016-08-31', 2, 1, 0, 'BKnr7Ztebt.jpg', 0, 1, 2050, 1080),
(407, 'auto', 'Jued', '2016-08-31', 2, 1, 0, 'iQyfy6fdb2.jpg', 0, 1, 2014, 1080),
(408, 'auto', 'Jued', '2016-08-31', 2, 1, 0, 'B5Gn3BfTTh.jpg', 0, 1, 1920, 1096),
(409, 'auto', 'Jued', '2016-08-31', 3, 1, 0, '5BBfzYTtbz.jpg', 0, 1, 2068, 1080),
(410, 'auto', 'Jued', '2016-08-31', 2, 1, 0, '25QNHbEeeZ.jpg', 0, 1, 2051, 1080),
(411, 'auto', 'Jued', '2016-08-31', 1, 1, 0, 'kndy8NBByD.jpg', 0, 1, 1920, 1007),
(412, 'auto', 'Jued', '2016-08-31', 1, 1, 0, 'rRrzGB2EGf.jpg', 0, 1, 2688, 1465),
(413, 'auto', 'Jued', '2016-08-31', 2, 1, 0, 'N9ESH6drre.jpg', 0, 1, 1988, 1080),
(414, 'girls', 'Jued', '2016-08-31', 1, 1, 0, 'fZ2RBirfHb.jpg', 0, 1, 1920, 1080),
(415, 'girls', 'Jued', '2016-08-31', 2, 1, 0, '8TSSHBZFAD.jpg', 0, 1, 1920, 1080),
(416, 'girls', 'Jued', '2016-08-31', 2, 1, 0, 'sDfRAAD287.jpg', 0, 1, 2500, 1472),
(417, 'girls', 'Jued', '2016-08-31', 2, 1, 0, 'kTRs4ks8YN.jpg', 0, 1, 1920, 1080),
(418, 'girls', 'Jued', '2016-08-31', 1, 2, 0, 'z2DhnQ8y7Z.jpg', 0, 1, 1920, 1080),
(419, 'girls', 'Jued', '2016-08-31', 1, 1, 0, 'nH3nBBABB7.jpg', 0, 1, 2048, 1365),
(420, 'girls', 'Jued', '2016-08-31', 1, 1, 0, '3R9feTdKHG.jpg', 0, 1, 1920, 1200),
(421, 'girls', 'Jued', '2016-08-31', 2, 1, 0, 'QD6KsnYnhy.jpg', 0, 1, 2048, 1268),
(422, 'girls', 'Jued', '2016-08-31', 3, 1, 0, 'hR5BrtG5d7.jpg', 0, 1, 1920, 1200),
(423, 'girls', 'Jued', '2016-08-31', 3, 1, 0, '4TNQidSdAz.jpg', 0, 1, 1920, 1080),
(424, 'girls', 'Jued', '2016-08-31', 2, 1, 0, 'BzthE9YRST.jpg', 0, 1, 1920, 1080),
(425, 'girls', 'Jued', '2016-08-31', 2, 1, 0, 'KD4GktBHfE.jpg', 0, 1, 2048, 1280),
(426, 'girls', 'Jued', '2016-08-31', 1, 2, 0, '6A4FArefk5.jpg', 0, 1, 2000, 1333),
(427, 'girls', 'Jued', '2016-08-31', 2, 1, 0, '6bhA9EQN3B.jpg', 0, 1, 2000, 1125),
(428, 'girls', 'Jued', '2016-08-31', 3, 1, 0, 'ZrAnyKeRBZ.jpg', 0, 1, 3200, 1800),
(429, 'girls', 'Jued', '2016-08-31', 1, 1, 0, 'ehRSnRQfHd.jpg', 0, 1, 2400, 1674),
(430, 'city', 'Jued', '2016-08-31', 2, 1, 0, '5siSzNiA6G.jpg', 0, 1, 1920, 1200),
(431, 'city', 'Jued', '2016-08-31', 2, 1, 0, 'K4y44d92RS.jpg', 0, 1, 1920, 1200),
(432, 'city', 'Jued', '2016-08-31', 1, 1, 0, '23FR3z6AKz.jpg', 0, 1, 1920, 1200),
(433, 'city', 'Jued', '2016-08-31', 4, 1, 0, 'i9eA32AAN6.jpg', 0, 1, 1920, 1200),
(434, '3d', 'Jued', '2016-09-01', 2, 1, 0, '9Yztk43ydT.jpg', 0, 1, 1280, 800),
(435, '3d', 'Jued', '2016-09-01', 1, 1, 0, 'TtQeERGzf7.jpg', 0, 1, 1280, 800),
(436, '3d', 'Jued', '2016-09-01', 3, 1, 0, 'tQBikd8Sh4.jpg', 0, 1, 1280, 800),
(437, '3d', 'Jued', '2016-09-01', 1, 1, 0, 'En5Q4SR8Ri.jpg', 0, 1, 1280, 800),
(438, '3d', 'Jued', '2016-09-01', 2, 3, 0, 'tQRfHHYkKB.jpg', 0, 1, 1280, 800),
(439, '3d', 'Jued', '2016-09-01', 2, 1, 0, 'nA5sZ34Kb4.jpg', 0, 1, 1280, 800),
(440, '3d', 'Jued', '2016-09-01', 4, 2, 0, '4kfsi5yest.jpg', 0, 1, 1280, 800),
(441, '3d', 'Jued', '2016-09-01', 2, 1, 0, 'QBzfbTQbBE.jpg', 0, 1, 1280, 800),
(442, '3d', 'Jued', '2016-09-01', 4, 1, 0, 'bQEd55744A.jpg', 0, 1, 1280, 800),
(443, '3d', 'Jued', '2016-09-01', 0, 0, 0, 'tKisD3ny43.jpg', 0, 1, 1280, 800),
(444, '3d', 'Jued', '2016-09-01', 2, 1, 0, '9y4SE3R2Dy.jpg', 0, 1, 1280, 800),
(445, '3d', 'Jued', '2016-09-01', 2, 1, 0, '24Sffz5yzT.jpg', 0, 1, 1280, 800),
(446, '3d', 'Jued', '2016-09-01', 2, 1, 0, 'nSi23sNAQT.jpg', 0, 1, 1280, 800),
(447, '3d', 'Jued', '2016-09-01', 3, 1, 0, 'hfZEef9dY4.jpg', 0, 1, 1280, 800),
(448, '3d', 'Jued', '2016-09-01', 3, 1, 0, '8F4fz36k8i.jpg', 0, 1, 1280, 800),
(449, '3d', 'Jued', '2016-09-01', 2, 1, 0, 'zkRY2QF2BN.jpg', 0, 1, 1280, 800),
(450, '3d', 'Jued', '2016-09-01', 2, 1, 0, 'TZhnZhTisE.jpg', 0, 1, 1280, 800),
(451, '3d', 'Jued', '2016-09-01', 2, 1, 0, 'HNQnSeF4ht.jpg', 0, 1, 1280, 800),
(452, '3d', 'Jued', '2016-09-01', 2, 1, 0, 'dGib8ZN6F6.jpg', 0, 1, 1280, 800),
(453, '3d', 'Jued', '2016-09-01', 3, 1, 0, 'z9dbeNNZb3.jpg', 0, 1, 1280, 800),
(454, 'anime', 'Jued', '2016-09-01', 1, 1, 0, 'nsK39KbFzt.jpg', 0, 1, 1920, 1080),
(455, 'anime', 'Jued', '2016-09-01', 2, 1, 0, 's4KYKKrQfz.jpg', 0, 1, 1920, 1080),
(456, 'anime', 'Jued', '2016-09-01', 1, 1, 0, 'F98ry3QbQE.jpg', 0, 1, 1920, 1080),
(457, 'anime', 'Jued', '2016-09-01', 1, 1, 0, '42b3EhkfQi.jpg', 0, 1, 1920, 1080),
(458, 'anime', 'Jued', '2016-09-01', 0, 0, 0, 'fGY6eFKebK.jpg', 0, 1, 1920, 1080),
(459, 'anime', 'Jued', '2016-09-01', 1, 1, 0, 'tBNdTenK7F.jpg', 0, 1, 1920, 1080),
(460, 'anime', 'Jued', '2016-09-01', 0, 0, 0, 'rzSiTnbsSs.jpg', 0, 1, 1920, 1080),
(461, 'anime', 'Jued', '2016-09-01', 3, 1, 0, 'S9HBiZz5K8.jpg', 0, 1, 1920, 1080),
(463, 'anime', 'Jued', '2016-09-01', 4, 1, 0, 'DE3BeKHTDR.jpg', 0, 1, 1920, 1080),
(464, 'anime', 'Jued', '2016-09-01', 0, 0, 0, '2Z4bAh5DAf.jpg', 0, 1, 1920, 1080),
(465, 'anime', 'Jued', '2016-09-01', 1, 1, 0, '7YbKe6RYhs.jpg', 0, 1, 1920, 1080),
(466, 'anime', 'Jued', '2016-09-01', 1, 1, 0, 'fTEH5ZnZkS.jpg', 0, 1, 1920, 1080),
(467, 'anime', 'Jued', '2016-09-01', 1, 1, 0, 'bGettYsiRH.jpg', 0, 1, 1920, 1080),
(468, 'anime', 'Jued', '2016-09-01', 1, 1, 0, 'Q7kRys3GSb.jpg', 0, 1, 1920, 1080),
(469, 'game', 'Jued', '2016-09-01', 8, 1, 0, 'BHZEBzDNyt.jpg', 0, 1, 1920, 1080),
(470, 'anime', 'Jued', '2016-09-01', 1, 1, 0, 'e8Qhf6QBBb.jpg', 0, 1, 1920, 1080),
(471, 'anime', 'Jued', '2016-09-01', 2, 1, 0, 'D2YN8deA33.jpg', 0, 1, 1920, 1080),
(472, 'anime', 'Jued', '2016-09-01', 1, 1, 0, '6dGtRi43i3.jpg', 0, 1, 1920, 1080),
(473, 'anime', 'Jued', '2016-09-01', 1, 1, 0, '8r4fRSkhzr.jpg', 0, 1, 1920, 1080),
(474, 'anime', 'Jued', '2016-09-01', 1, 1, 0, '25A5ezz5fT.jpg', 0, 1, 1920, 1080),
(475, 'anime', 'Jued', '2016-09-01', 0, 0, 0, '4FE9b9DyiN.jpg', 0, 1, 1920, 1080),
(476, 'anime', 'Jued', '2016-09-01', 2, 1, 0, 'h6fk7reKi3.jpg', 0, 1, 1920, 1080),
(477, 'anime', 'Jued', '2016-09-01', 0, 0, 0, 'Z2h64HtZeZ.jpg', 0, 1, 1920, 1080),
(478, 'anime', 'Jued', '2016-09-01', 1, 1, 0, 'DH6Zi8fTTe.jpg', 0, 1, 1920, 1080),
(479, 'anime', 'Jued', '2016-09-01', 2, 1, 0, 'N27NfR2Ysi.jpg', 0, 1, 1920, 1080),
(480, 'anime', 'Jued', '2016-09-01', 1, 1, 0, 'G7EYz9TARd.jpg', 0, 1, 1920, 1080),
(481, 'anime', 'Jued', '2016-09-01', 1, 1, 0, '6YHn8525QS.jpg', 0, 1, 1920, 1080),
(482, 'anime', 'Jued', '2016-09-01', 1, 2, 0, 'dtffShf453.jpg', 0, 1, 1920, 1080),
(483, 'anime', 'Jued', '2016-09-01', 1, 1, 0, 'sQKT6f443z.jpg', 0, 1, 1920, 1080),
(484, 'anime', 'Jued', '2016-09-01', 2, 2, 0, 't9ikB7Neyz.jpg', 0, 1, 1920, 1080),
(485, 'anime', 'Jued', '2016-09-01', 1, 1, 0, '2TE4brDnyh.jpg', 0, 1, 1920, 1080),
(486, 'anime', 'Jued', '2016-09-01', 1, 1, 0, 'yDNKh45Yi6.jpg', 0, 1, 1920, 1080),
(487, 'anime', 'Jued', '2016-09-01', 1, 1, 0, 'esBNZD9Z6Q.jpg', 0, 1, 1920, 1080),
(488, 'anime', 'Jued', '2016-09-01', 6, 1, 0, 'nh3BKedQhb.jpg', 0, 1, 1920, 1080),
(489, 'anime', 'Jued', '2016-09-01', 1, 1, 0, '23eetNkKdG.jpg', 0, 1, 1920, 1080),
(490, 'anime', 'Jued', '2016-09-01', 1, 1, 0, 'dShirD5dyN.jpg', 0, 1, 1920, 1080),
(491, 'anime', 'Jued', '2016-09-01', 1, 1, 0, '9iRF26ETsE.jpg', 0, 1, 1920, 1080),
(492, 'anime', 'Jued', '2016-09-01', 2, 1, 0, 'dHQQGs5Q8t.jpg', 0, 1, 1920, 1080),
(493, 'anime', 'Jued', '2016-09-01', 1, 1, 0, 'FDk3GkN38Y.jpg', 0, 1, 1920, 1080),
(494, 'anime', 'Jued', '2016-09-01', 2, 1, 0, 'DAfb7GNN49.jpg', 0, 1, 1920, 1080),
(495, 'anime', 'Jued', '2016-09-01', 2, 1, 0, '6GdThkY6QT.jpg', 0, 1, 1920, 1080),
(496, 'anime', 'Jued', '2016-09-01', 2, 1, 0, 'ZN9NYdG4Kt.jpg', 0, 1, 1680, 1050),
(497, 'anime', 'Jued', '2016-09-01', 3, 1, 0, 'tdz32yBQfF.jpg', 0, 1, 1920, 1200),
(498, 'anime', 'Jued', '2016-09-01', 3, 1, 0, 'RBFD57hifQ.jpg', 0, 1, 1680, 1050),
(499, 'anime', 'Jued', '2016-09-01', 2, 1, 0, 'hZkk8e7NQ7.jpg', 0, 1, 1600, 1200),
(500, 'anime', 'Jued', '2016-09-01', 5, 1, 0, 'fr6yHHQD8n.jpg', 0, 1, 2000, 1500),
(501, 'anime', 'Jued', '2016-09-01', 3, 1, 0, 'D9zt6Gehbh.jpg', 0, 1, 1600, 1200),
(502, 'food', 'Jued', '2016-09-01', 1, 2, 0, 'ehGFtyyHrN.jpg', 0, 1, 2404, 1600),
(503, 'food', 'Jued', '2016-09-01', 1, 1, 0, 'Q6ksi5k9bn.jpg', 0, 1, 2000, 1331),
(505, 'food', 'Jued', '2016-09-01', 2, 1, 0, 'A5fTB32zD7.jpg', 0, 1, 2560, 1600),
(506, 'food', 'Jued', '2016-09-01', 1, 1, 0, 't9G5FzERe7.jpg', 0, 1, 1920, 1080),
(507, 'food', 'Jued', '2016-09-01', 2, 2, 0, 'HySt7E5eNr.jpg', 0, 1, 2560, 1600),
(508, 'food', 'Jued', '2016-09-01', 2, 1, 0, 'ZStED7nbTn.jpg', 0, 1, 2560, 1600),
(509, 'food', 'Jued', '2016-09-01', 3, 1, 0, 'S2KT8rT3G4.jpg', 0, 1, 2560, 1600),
(510, 'food', 'Jued', '2016-09-01', 1, 2, 0, 'FY2dKZH84e.jpg', 0, 1, 1920, 1080),
(511, 'food', 'Jued', '2016-09-01', 1, 1, 0, 'G7z7yNBhKA.jpg', 0, 1, 1920, 1200),
(512, 'food', 'Jued', '2016-09-01', 2, 1, 0, 'DfiDNnB785.jpg', 0, 1, 3840, 2160),
(513, 'food', 'Jued', '2016-09-01', 2, 1, 0, 'Z6S84n3eBE.jpg', 0, 1, 2950, 2094),
(515, 'food', 'Jued', '2016-09-01', 3, 1, 0, '8K6Brt2e8r.jpg', 0, 1, 3678, 2462),
(516, 'food', 'Jued', '2016-09-01', 1, 1, 0, '8hfYQi7re8.jpg', 0, 1, 1600, 900),
(517, 'food', 'Jued', '2016-09-01', 1, 1, 0, 'DSeyfTsYTi.jpg', 0, 1, 1536, 1024),
(518, 'food', 'Jued', '2016-09-01', 2, 1, 0, 'EeNrdEYF7Y.jpg', 0, 1, 1600, 1024),
(519, 'food', 'Jued', '2016-09-01', 3, 1, 0, '9NnA3brQNz.jpg', 0, 1, 1920, 1280),
(520, 'city', 'Jued', '2016-09-01', 2, 1, 0, 'GnbsHGZf8N.jpg', 0, 1, 1920, 1200),
(522, 'city', 'Jued', '2016-09-01', 26, 1, 0, 'eNRky5SzfN.jpg', 0, 1, 2560, 1440),
(523, 'city', 'Jued', '2016-09-01', 23, 3, 0, 'AzT97Zi3QA.jpg', 0, 1, 1920, 1200),
(524, 'city', 'Jued', '2016-09-01', 18, 2, 0, '4DbfD9Ht63.jpg', 0, 1, 1920, 1200),
(525, 'city', 'Jued', '2016-09-01', 25, 2, 0, '8KZHE4zsGf.jpg', 0, 1, 3840, 2400),
(526, 'city', 'Jued', '2016-09-01', 23, 1, 0, '76H8ZiDe6K.jpg', 0, 1, 3226, 2016),
(527, 'city', 'Jued', '2016-09-01', 16, 2, 0, 'nN428864ht.jpg', 0, 1, 2048, 1365),
(528, 'city', 'Jued', '2016-09-01', 26, 2, 0, '6zZG4957SZ.jpg', 0, 1, 2048, 1366),
(529, 'city', 'Jued', '2016-09-01', 31, 2, 0, 'z67Ed3DQZY.jpg', 0, 1, 2880, 1800),
(531, 'city', 'Jued', '2016-09-01', 91, 1, 0, '9KKzKzY879.jpg', 1, 1, 2560, 1600),
(532, 'anime', 'Inntary', '2016-09-11', 12, 1, 0, 'tFT68h5ATH.jpg', 0, 1, 3840, 2160),
(533, 'anime', 'Inntary', '2016-09-11', 3, 0, 0, '2AQTdEy7kT.jpg', 0, 1, 3840, 2160),
(534, 'anime', 'Inntary', '2016-09-11', 3, 0, 0, 'k46Se49EZd.jpg', 0, 1, 2880, 1800),
(535, 'anime', 'Inntary', '2016-09-11', 2, 0, 0, '8fiSDHB88y.jpg', 0, 1, 1920, 1200),
(536, 'anime', 'Inntary', '2016-09-11', 3, 0, 0, 'znR7QrNHtE.jpg', 0, 1, 2560, 1440),
(537, 'anime', 'Inntary', '2016-09-11', 2, 0, 0, '44SKbh4nrd.jpg', 0, 1, 2880, 1800),
(538, 'anime', 'Inntary', '2016-09-11', 4, 0, 0, 'zfiz62BHTz.jpg', 0, 1, 3840, 2160),
(539, 'anime', 'Inntary', '2016-09-11', 5, 0, 0, 'D24itSb3eR.jpg', 0, 1, 2560, 1440),
(540, 'anime', 'Inntary', '2016-09-11', 4, 0, 0, '4fDkfi4SZn.jpg', 0, 1, 3840, 2160),
(541, 'anime', 'Inntary', '2016-09-11', 5, 0, 0, 'd2hG62H73F.jpg', 0, 1, 4000, 2500),
(542, 'anime', 'Inntary', '2016-09-11', 3, 1, 0, 'FQtYEdtys3.jpg', 0, 1, 2560, 1600),
(543, 'nature', 'Inntary', '2016-09-11', 2, 0, 0, 'dRNf9RzSQH.jpg', 0, 1, 2560, 1600),
(544, 'nature', 'Inntary', '2016-09-11', 4, 0, 0, 'KDtrHK9NiY.jpg', 0, 1, 2880, 1800),
(545, 'nature', 'Inntary', '2016-09-11', 4, 0, 0, '7GZKSs7Tsf.jpg', 0, 1, 2880, 1800),
(546, 'nature', 'Inntary', '2016-09-11', 4, 0, 0, '7GrhQ88GK3.jpg', 0, 1, 2560, 1440),
(547, 'nature', 'Inntary', '2016-09-11', 4, 0, 0, 'Nis9yz5ZFs.jpg', 0, 1, 2560, 1440),
(551, 'game', 'Inntary', '2016-09-11', 12, 0, 0, 'Rk93YfDAFY.jpg', 0, 1, 1920, 1080),
(556, 'fantasy', 'Inntary', '2016-09-11', 7, 1, 1, 'z5niAG6iG8.jpg', 0, 1, 2560, 1440),
(557, 'fantasy', 'Inntary', '2016-09-11', 9, 2, 0, '98KTNz8YKt.jpg', 0, 1, 1600, 1200),
(559, 'anime', 'Inntary', '2016-09-14', 4, 0, 0, 'QEEhzktftT.jpg', 0, 1, 2560, 1440),
(560, 'anime', 'Inntary', '2016-09-14', 6, 1, 0, 'y4YZfkeESn.jpg', 0, 1, 1920, 1080),
(561, 'anime', 'Inntary', '2016-09-14', 92, 1, 0, 'TQhiAHn3r7.jpg', 0, 1, 1920, 1080),
(562, 'anime', 'Inntary', '2016-09-14', 7, 0, 0, 'FDhehR9nKk.jpg', 0, 1, 1920, 1080),
(563, 'anime', 'Inntary', '2016-09-14', 4, 0, 0, 'DN3dTGZed5.jpg', 0, 1, 2560, 1600),
(565, 'game', 'Jued', '2016-09-15', 11, 0, 0, 'Z6Bi5nAGF8.jpg', 0, 1, 1920, 1080),
(567, 'game', 'Jued', '2016-09-15', 13, 0, 0, 'ZzyBR34h8A.jpg', 0, 1, 1920, 1080),
(568, 'game', 'Jued', '2016-09-15', 10, 0, 0, 'Nb95Qni7ih.jpg', 0, 1, 1920, 1080),
(569, 'game', 'Jued', '2016-09-15', 64, 1, 0, 'BtEfyZzTGh.jpg', 0, 1, 1920, 1080),
(577, 'creative', 'Jued', '2017-12-10', 33, 0, 0, 'dF24ZS2nYy.jpg', 0, 1, 1920, 1080),
(578, 'space', 'Solntseva', '2017-12-11', 0, 0, 0, 'Z9dDAZbzd5.jpg', 0, 0, 1366, 768);

-- --------------------------------------------------------

--
-- Структура таблицы `selected`
--

CREATE TABLE IF NOT EXISTS `selected` (
  `id` int(11) NOT NULL AUTO_INCREMENT,
  `idpicture` int(11) NOT NULL,
  `iduser` int(11) NOT NULL,
  PRIMARY KEY (`id`)
) ENGINE=InnoDB  DEFAULT CHARSET=cp1251 AUTO_INCREMENT=22 ;

--
-- Дамп данных таблицы `selected`
--

INSERT INTO `selected` (`id`, `idpicture`, `iduser`) VALUES
(12, 8, 1),
(14, 20, 1),
(15, 26, 1),
(16, 35, 1),
(17, 45, 1),
(19, 570, 1),
(20, 564, 1),
(21, 531, 1);

-- --------------------------------------------------------

--
-- Структура таблицы `users`
--

CREATE TABLE IF NOT EXISTS `users` (
  `idusers` int(11) NOT NULL AUTO_INCREMENT,
  `login` varchar(50) DEFAULT NULL,
  `pass` varchar(250) DEFAULT NULL,
  `userMail` varchar(128) NOT NULL,
  `privileges` int(11) NOT NULL,
  `score` double DEFAULT '1',
  `name` varchar(20) DEFAULT 'Имя',
  `city` varchar(45) DEFAULT 'Где-то',
  `avatars` varchar(255) DEFAULT 'avatars/no-avatar.jpg',
  `datareg` date NOT NULL,
  `lastdata` date DEFAULT NULL,
  `download` int(50) DEFAULT '0',
  `upload` int(50) DEFAULT '0',
  `bookmarks` int(50) DEFAULT '0',
  `addtags` int(50) DEFAULT '0',
  `comm` int(50) DEFAULT '0',
  `setscore` int(11) DEFAULT '0',
  `info` varchar(45) DEFAULT NULL,
  PRIMARY KEY (`idusers`),
  UNIQUE KEY `userIndex` (`idusers`)
) ENGINE=InnoDB  DEFAULT CHARSET=utf8 AUTO_INCREMENT=6 ;

--
-- Дамп данных таблицы `users`
--

INSERT INTO `users` (`idusers`, `login`, `pass`, `userMail`, `privileges`, `score`, `name`, `city`, `avatars`, `datareg`, `lastdata`, `download`, `upload`, `bookmarks`, `addtags`, `comm`, `setscore`, `info`) VALUES
(1, 'Jued', '3854307afd0243aba06e2539acfa09f8', 'kolia92lol@gmail.com', 4, 457.1, 'Коля', 'Киев', 'avatars/Juedmini.jpg', '2016-08-06', '2017-12-11', 16, 450, 8, 13, 0, 6, NULL),
(2, 'Alex', '3854307afd0243aba06e2539acfa09f8', 'Kot_baron@ukr.net', 3, 24, 'Надежда', 'Где-то', 'avatars/no-avatar.jpg', '2016-08-12', '2017-12-11', 0, 24, 0, 0, 0, 0, NULL),
(3, 'Solntseva', '3854307afd0243aba06e2539acfa09f8', 'koli_1@meta.ua', 1, 5, 'Имя', 'Где-то', 'avatars/no-avatar.jpg', '2016-08-27', '2017-12-11', 0, 5, 0, 0, 0, 0, NULL),
(4, 'S5SHAYA', 'bf9720101827bafd5d25a5bdf2adee6f', 'tvink06@meta.ua', 1, 13, 'Имя', 'Где-то', 'avatars/no-avatar.jpg', '2016-08-31', NULL, 0, 13, 0, 0, 0, 0, NULL),
(5, 'Inntary', '025b5a75050b02b339766544d1a832de', 'coon17@i.ua', 1, 24, 'Имя', 'Где-то', 'avatars/no-avatar.jpg', '2016-09-11', NULL, 0, 24, 0, 0, 0, 0, NULL);

/*!40101 SET CHARACTER_SET_CLIENT=@OLD_CHARACTER_SET_CLIENT */;
/*!40101 SET CHARACTER_SET_RESULTS=@OLD_CHARACTER_SET_RESULTS */;
/*!40101 SET COLLATION_CONNECTION=@OLD_COLLATION_CONNECTION */;
